Name,Codename,Cores,Clock,Socket,Process,L3 Cache,TDP,Released
Ryzen Threadripper 3990X,Matisse,64  / 128,2.9 to 4.3 GHz,Socket TR4,7 nm,128MB,280 W,"Feb 7th, 2020"
A6-9120C SoC,Stoney Ridge,2,1.6 to 2.4 GHz,Socket FT4,28 nm,N/A,6 W,"Jan 7th, 2019"
A6-9220C SoC,Stoney Ridge,2,1.8 to 2.7 GHz,Socket FT4,28 nm,N/A,6 W,"Jan 7th, 2019"
Athlon 3000G,Zen,02-Apr,3.5 GHz,Socket AM4,14 nm,4MB,35 W,"Nov 21st, 2019"
Athlon 300U,Raven Ridge 2,02-Apr,2.4 to 3.3 GHz,Socket FP5,14 nm,4MB,15 W,"Jan 6th, 2019"
Athlon PRO 300U,Raven Ridge 2,02-Apr,2.4 to 3.3 GHz,Socket FP5,14 nm,4MB,15 W,"Apr 8th, 2019"
EPYC 7232P,Rome,Aug-16,3.1 to 3.2 GHz,Socket TR4,7 nm,32MB,120 W,"Aug 7th, 2019"
EPYC 7252,Rome,Aug-16,2.8 to 3.2 GHz,Socket TR4,7 nm,64MB,120 W,"Aug 7th, 2019"
EPYC 7262,Rome,Aug-16,3.1 to 3.3 GHz,Socket TR4,7 nm,128MB,155 W,"Aug 7th, 2019"
EPYC 7272,Rome,Dec-24,2.6 to 3.2 GHz,Socket TR4,7 nm,64MB,120 W,"Aug 7th, 2019"
EPYC 7282,Rome,16  / 32,2.8 to 3.2 GHz,Socket TR4,7 nm,64MB,120 W,"Aug 7th, 2019"
EPYC 7302,Rome,16  / 32,3 to 3.3 GHz,Socket TR4,7 nm,128MB,155 W,"Aug 7th, 2019"
EPYC 7302P,Rome,16  / 32,3 to 3.3 GHz,Socket TR4,7 nm,128MB,155 W,"Aug 7th, 2019"
EPYC 7352,Rome,24  / 48,2.4 to 3.3 GHz,Socket TR4,7 nm,128MB,155 W,"Aug 7th, 2019"
EPYC 7402,Rome,24  / 48,2.8 to 3.35 GHz,Socket TR4,7 nm,128MB,180 W,"Aug 7th, 2019"
EPYC 7402P,Rome,24  / 48,2.8 to 3.35 GHz,Socket TR4,7 nm,128MB,180 W,"Aug 7th, 2019"
EPYC 7452,Rome,32  / 64,2.2 to 3.35 GHz,Socket TR4,7 nm,128MB,155 W,"Aug 7th, 2019"
EPYC 7502,Rome,32  / 64,2.5 to 3.35 GHz,Socket TR4,7 nm,128MB,180 W,"Aug 7th, 2019"
EPYC 7502P,Rome,32  / 64,2.5 to 3.35 GHz,Socket TR4,7 nm,128MB,180 W,"Aug 7th, 2019"
EPYC 7542,Rome,32  / 64,2.9 to 3.4 GHz,Socket TR4,7 nm,128MB,225 W,"Aug 7th, 2019"
EPYC 7552,Rome,48  / 96,2.2 to 3.35 GHz,Socket TR4,7 nm,192MB,200 W,"Aug 7th, 2019"
EPYC 7642,Rome,48  / 96,2.4 to 3.4 GHz,Socket TR4,7 nm,256MB,225 W,"Aug 7th, 2019"
EPYC 7702,Rome,64  / 128,2 to 3.35 GHz,Socket TR4,7 nm,256MB,200 W,"Aug 7th, 2019"
EPYC 7702P,Rome,64  / 128,2 to 3.35 GHz,Socket TR4,7 nm,256MB,200 W,"Aug 7th, 2019"
EPYC 7742,Rome,64  / 128,2.25 to 3.4 GHz,Socket TR4,7 nm,256MB,225 W,"Aug 7th, 2019"
EPYC 7H12,Rome,64  / 128,2.6 to 3.3 GHz,Socket TR4,7 nm,256MB,280 W,"Sep 18th, 2019"
Ryzen 3 3200G,Picasso,4,3.6 to 4 GHz,Socket AM4,12 nm,4MB,65 W,"Jul 7th, 2019"
Ryzen 3 3200U,Picasso,02-Apr,2.6 to 3.5 GHz,Socket FP5,12 nm,4MB,15 W,"Jan 6th, 2019"
Ryzen 3 3300U,Picasso,4,2.1 to 3.5 GHz,Socket FP5,12 nm,4MB,15 W,"Jan 6th, 2019"
Ryzen 3 PRO 3300U,Picasso,4,2.1 to 3.5 GHz,Socket FP5,12 nm,4MB,15 W,"Apr 8th, 2019"
Ryzen 5 3400G,Picasso,04-Aug,3.7 to 4.2 GHz,Socket AM4,12 nm,4MB,65 W,"Jul 7th, 2019"
Ryzen 5 3500U,Picasso,04-Aug,2.1 to 3.7 GHz,Socket FP5,12 nm,4MB,15 W,"Jan 6th, 2019"
Ryzen 5 3500X,Matisse,6,3.6 to 4.1 GHz,Socket AM4,7 nm,32MB,65 W,"Sep 24th, 2019"
Ryzen 5 3550H,Picasso,04-Aug,2.1 to 3.7 GHz,Socket FP5,12 nm,4MB,35 W,"Jan 6th, 2019"
Ryzen 5 3600,Matisse,06-Dec,3.6 to 4.2 GHz,Socket AM4,7 nm,32MB,65 W,"Jul 7th, 2019"
Ryzen 5 3600X,Matisse,06-Dec,3.8 to 4.4 GHz,Socket AM4,7 nm,32MB,95 W,"Jul 7th, 2019"
Ryzen 5 PRO 3500U,Picasso,04-Aug,2.1 to 3.7 GHz,Socket FP5,12 nm,4MB,15 W,"Apr 8th, 2019"
Ryzen 7 2700X 50th Anniversary,Zen,Aug-16,3.7 to 4.35 GHz,Socket AM4,12 nm,16MB,105 W,"Apr 29th, 2019"
Ryzen 7 3700U,Picasso,04-Aug,2.3 to 4 GHz,Socket FP5,12 nm,4MB,15 W,"Jan 6th, 2019"
Ryzen 7 3700X,Matisse,Aug-16,3.6 to 4.4 GHz,Socket AM4,7 nm,32MB,65 W,"Jul 7th, 2019"
Ryzen 7 3750H,Picasso,04-Aug,2.3 to 4 GHz,Socket FP5,12 nm,4MB,35 W,"Jan 6th, 2019"
Ryzen 7 3800X,Matisse,Aug-16,3.9 to 4.5 GHz,Socket AM4,7 nm,32MB,105 W,"Jul 7th, 2019"
Ryzen 7 PRO 3700U,Picasso,04-Aug,2.3 to 4 GHz,Socket FP5,12 nm,4MB,15 W,"Apr 8th, 2019"
Ryzen 9 3900X,Matisse,Dec-24,3.8 to 4.6 GHz,Socket AM4,7 nm,64MB,125 W,"Jul 7th, 2019"
Ryzen 9 3950X,Matisse,16  / 32,3.5 to 4.7 GHz,Socket AM4,7 nm,64MB,105 W,"Nov 14th, 2019"
Ryzen Threadripper 3960X,Matisse,24  / 48,3.8 to 4.5 GHz,Socket TR4,7 nm,128MB,280 W,"Nov 25th, 2019"
Ryzen Threadripper 3970X,Matisse,32  / 64,3.7 to 4.5 GHz,Socket TR4,7 nm,128MB,280 W,"Nov 25th, 2019"
Ryzen Threadripper 3980X,Matisse,48  / 96,3.5 to 4.7 GHz,Socket TR4,7 nm,128MB,280 W,"Nov 14th, 2019"
A8-7680,Godaveri,4,3.5 to 3.8 GHz,Socket FM2+,28 nm,N/A,45 W,"Oct 26th, 2018"
Athlon 200GE,Zen,02-Apr,3.2 GHz,Socket AM4,14 nm,4MB,35 W,"Jun 1st, 2018"
Athlon 220GE,Zen,02-Apr,3.4 GHz,Socket AM4,14 nm,4MB,35 W,"Jun 1st, 2018"
Athlon 220GE,Zen,02-Apr,3.4 GHz,Socket AM4,14 nm,4MB,35 W,"Dec 21st, 2018"
Athlon 220GE,Zen,02-Apr,3.4 GHz,Socket AM4,14 nm,4MB,35 W,"Dec 21st, 2018"
Athlon 240GE,Zen,02-Apr,3.5 GHz,Socket AM4,14 nm,4MB,35 W,"Dec 21st, 2018"
Athlon PRO 200GE,Zen,2,3.2 GHz,Socket AM4,14 nm,4MB,35 W,"Jun 1st, 2018"
EPYC 7371,Naples,16  / 32,3.1 to 3.8 GHz,Socket TR4,14 nm,64MB,170 W,"Nov 16th, 2018"
EPYC Embedded 3251,Zen,Aug-16,2.5 to 3.1 GHz,Socket TR4,14 nm,16MB,50 W,"Feb 21st, 2018"
Ryzen 3 2200G,Raven Ridge,4,3.5 to 3.7 GHz,Socket AM4,14 nm,4MB,65 W,"Feb 12th, 2018"
Ryzen 3 2300X,Zen,4,3.5 to 4.2 GHz,Socket AM4,14 nm,4MB,65 W,"Aug 1st, 2018"
Ryzen 5 2400G,Raven Ridge,04-Aug,3.6 to 3.9 GHz,Socket AM4,14 nm,4MB,65 W,"Feb 12th, 2018"
Ryzen 5 2500X,Zen,04-Aug,3.6 to 4 GHz,Socket AM4,12 nm,16MB,65 W,"Oct 1st, 2018"
Ryzen 5 2600,Zen,06-Dec,3.4 to 3.9 GHz,Socket AM4,12 nm,16MB,65 W,"Apr 19th, 2018"
Ryzen 5 2600E,Zen,06-Dec,3.1 to 4 GHz,Socket AM4,12 nm,16MB,65 W,"Sep 19th, 2018"
Ryzen 5 2600H,Raven Ridge,04-Aug,3.3 to 3.6 GHz,Socket FP5,14 nm,4MB,15 W,"May 30th, 2018"
Ryzen 5 2600X,Zen,06-Dec,3.6 to 4.25 GHz,Socket AM4,12 nm,16MB,95 W,"Apr 19th, 2018"
Ryzen 5 PRO 2400G,Raven Ridge,04-Aug,3.6 to 3.9 GHz,Socket AM4,14 nm,4MB,65 W,"Feb 12th, 2018"
Ryzen 5 PRO 2600,Zen,06-Dec,3.4 to 3.9 GHz,Socket AM4,12 nm,16MB,65 W,"Sep 19th, 2018"
Ryzen 7 2700,Zen,Aug-16,3.2 to 4.1 GHz,Socket AM4,12 nm,16MB,65 W,"Apr 19th, 2018"
Ryzen 7 2700E,Zen,Aug-16,2.8 to 4 GHz,Socket AM4,12 nm,16MB,65 W,"Sep 19th, 2018"
Ryzen 7 2700X,Zen,Aug-16,3.7 to 4.35 GHz,Socket AM4,12 nm,16MB,105 W,"Apr 19th, 2018"
Ryzen 7 2800H,Raven Ridge,04-Aug,3.4 to 3.8 GHz,Socket FP5,14 nm,4MB,15 W,"May 30th, 2018"
Ryzen 7 PRO 2700,Zen,Aug-16,3.2 to 4.1 GHz,Socket AM4,12 nm,16MB,65 W,"Sep 19th, 2018"
Ryzen 7 PRO 2700X,Zen,Aug-16,3.6 to 4.1 GHz,Socket AM4,12 nm,16MB,95 W,"Sep 19th, 2018"
Ryzen Embedded V1202B,Zen,02-Apr,2.3 to 3.2 GHz,Socket FP5,14 nm,2MB,15 W,"Feb 21st, 2018"
Ryzen Embedded V1605B,Zen,04-Aug,2 to 3.6 GHz,Socket FP5,14 nm,2MB,15 W,"Feb 21st, 2018"
Ryzen Embedded V1756B,Zen,04-Aug,3.25 to 3.6 GHz,Socket FP5,14 nm,2MB,45 W,"Feb 21st, 2018"
Ryzen Embedded V1807B,Zen,04-Aug,3.35 to 3.8 GHz,Socket FP5,14 nm,2MB,45 W,"Feb 21st, 2018"
Ryzen Threadripper 2920X,Zen,Dec-24,3.5 to 4.3 GHz,Socket SP3r2,12 nm,32MB,180 W,"Oct 3rd, 2018"
Ryzen Threadripper 2950X,Zen,16  / 32,3.5 to 4.4 GHz,Socket SP3r2,12 nm,32MB,180 W,"Aug 13th, 2018"
Ryzen Threadripper 2970WX,Zen,24  / 48,3 to 4.2 GHz,Socket SP3r2,12 nm,64MB,250 W,"Oct 2nd, 2018"
Ryzen Threadripper 2990WX,Zen,32  / 64,3 to 4.2 GHz,Socket SP3r2,12 nm,64MB,250 W,"Aug 13th, 2018"
A10-9700,Bristol Ridge,4,3.5 to 3.8 GHz,Socket AM4,28 nm,N/A,65 W,"Jul 27th, 2017"
A10-9700E,Bristol Ridge,4,3 to 3.5 GHz,Socket AM4,28 nm,N/A,35 W,"Jul 27th, 2017"
A12-9800,Bristol Ridge,4,3.8 to 4.2 GHz,Socket AM4,28 nm,N/A,65 W,"Jul 27th, 2017"
A12-9800E,Bristol Ridge,4,3.1 to 3.8 GHz,Socket AM4,28 nm,N/A,35 W,"Jul 27th, 2017"
A6-9500,Bristol Ridge,2,3.5 to 3.8 GHz,Socket AM4,28 nm,N/A,65 W,"Jul 27th, 2017"
A6-9500E,Bristol Ridge,2,3 to 3.4 GHz,Socket AM4,28 nm,N/A,35 W,"Jul 27th, 2017"
A6-9550,Bristol Ridge,2,3.8 to 4 GHz,Socket AM4,28 nm,N/A,65 W,"Jul 27th, 2017"
A8-9600,Bristol Ridge,4,3.1 to 3.4 GHz,Socket AM4,28 nm,N/A,65 W,"Jul 27th, 2017"
Athlon X4 940,Bristol Ridge,4,3.2 to 3.6 GHz,Socket AM4,28 nm,N/A,65 W,"Jul 27th, 2017"
Athlon X4 950,Bristol Ridge,4,3.5 to 3.8 GHz,Socket AM4,28 nm,N/A,65 W,"Jul 27th, 2017"
Athlon X4 970,Bristol Ridge,4,3.8 to 4 GHz,Socket AM4,28 nm,N/A,65 W,"Jul 27th, 2017"
EPYC 7251,Naples,Aug-16,2.1 to 2.9 GHz,Socket TR4,14 nm,32MB,120 W,"Jun 29th, 2017"
EPYC 7281,Naples,16  / 32,2.1 to 2.7 GHz,Socket TR4,14 nm,32MB,170 W,"Jun 29th, 2017"
EPYC 7301,Naples,16  / 32,2.2 to 2.7 GHz,Socket TR4,14 nm,64MB,170 W,"Jun 29th, 2017"
EPYC 7351,Naples,16  / 32,2.4 to 2.9 GHz,Socket TR4,14 nm,64MB,170 W,"Jun 29th, 2017"
EPYC 7351P,Naples,16  / 32,2.4 to 2.9 GHz,Socket TR4,14 nm,64MB,170 W,"Jun 29th, 2017"
EPYC 7401,Naples,24  / 48,2 to 3 GHz,Socket TR4,14 nm,64MB,170 W,"Jun 29th, 2017"
EPYC 7401P,Naples,24  / 48,2 to 3 GHz,Socket TR4,14 nm,64MB,170 W,"Jun 29th, 2017"
EPYC 7451,Naples,24  / 48,2.3 to 3.2 GHz,Socket TR4,14 nm,64MB,180 W,"Jun 29th, 2017"
EPYC 7501,Naples,32  / 64,2 to 3 GHz,Socket TR4,14 nm,64MB,170 W,"Jun 29th, 2017"
EPYC 7551,Naples,32  / 64,2 to 3 GHz,Socket TR4,14 nm,64MB,180 W,"Jun 29th, 2017"
EPYC 7551P,Naples,32  / 64,2 to 3 GHz,Socket TR4,14 nm,64MB,180 W,"Jun 29th, 2017"
EPYC 7601,Naples,32  / 64,2.2 to 3.2 GHz,Socket TR4,14 nm,64MB,180 W,"Jun 29th, 2017"
Ryzen 3 1200,Zen,4,3.1 to 3.4 GHz,Socket AM4,14 nm,8MB,65 W,"Jul 27th, 2017"
Ryzen 3 1300,Zen,4,3.2 to 3.5 GHz,Socket AM4,14 nm,8MB,65 W,"Apr 11th, 2017"
Ryzen 3 1300X,Zen,4,3.4 to 3.7 GHz,Socket AM4,14 nm,8MB,65 W,"Jul 27th, 2017"
Ryzen 3 2200U,Raven Ridge,02-Apr,2.5 to 3.4 GHz,Socket FP5,14 nm,4MB,15 W,"Oct 26th, 2017"
Ryzen 3 2300U,Raven Ridge,4,2 to 3.4 GHz,Socket FP5,14 nm,4MB,15 W,"Oct 26th, 2017"
Ryzen 3 PRO 1200,Zen,4,3.1 to 3.4 GHz,Socket AM4,14 nm,8MB,65 W,"Jun 29th, 2017"
Ryzen 3 PRO 1300,Zen,4,3.2 to 3.5 GHz,Socket AM4,14 nm,8MB,65 W,"Jun 29th, 2017"
Ryzen 3 PRO 2300U,Raven Ridge,4,2 to 3.4 GHz,Socket FP5,14 nm,4MB,15 W,"Oct 26th, 2017"
Ryzen 5 1400,Zen,04-Aug,3.2 to 3.4 GHz,Socket AM4,14 nm,8MB,65 W,"Apr 11th, 2017"
Ryzen 5 1500X,Zen,04-Aug,3.5 to 3.7 GHz,Socket AM4,14 nm,16MB,65 W,"Apr 11th, 2017"
Ryzen 5 1600,Zen,06-Dec,3.2 to 3.6 GHz,Socket AM4,14 nm,16MB,65 W,"Apr 11th, 2017"
Ryzen 5 1600X,Zen,06-Dec,3.6 to 4 GHz,Socket AM4,14 nm,16MB,95 W,"Apr 11th, 2017"
Ryzen 5 2500U,Raven Ridge,04-Aug,2 to 3.6 GHz,Socket FP5,14 nm,4MB,15 W,"Oct 26th, 2017"
Ryzen 5 PRO 1500,Zen,04-Aug,3.5 to 3.7 GHz,Socket AM4,14 nm,16MB,65 W,"Jun 29th, 2017"
Ryzen 5 PRO 1600,Zen,06-Dec,3.2 to 3.6 GHz,Socket AM4,14 nm,16MB,65 W,"Jun 29th, 2017"
Ryzen 5 PRO 2500U,Raven Ridge,04-Aug,2 to 3.6 GHz,Socket FP5,14 nm,4MB,15 W,"Oct 26th, 2017"
Ryzen 7 1700,Zen,Aug-16,3 to 3.7 GHz,Socket AM4,14 nm,16MB,65 W,"Mar 2nd, 2017"
Ryzen 7 1700X,Zen,Aug-16,3.4 to 3.8 GHz,Socket AM4,14 nm,16MB,95 W,"Mar 2nd, 2017"
Ryzen 7 1800X,Zen,Aug-16,3.6 to 4 GHz,Socket AM4,14 nm,16MB,95 W,"Mar 2nd, 2017"
Ryzen 7 2700U,Raven Ridge,04-Aug,2.2 to 3.8 GHz,Socket FP5,14 nm,4MB,15 W,"Oct 26th, 2017"
Ryzen 7 PRO 1700,Zen,Aug-16,3 to 3.7 GHz,Socket AM4,14 nm,16MB,65 W,"Jun 29th, 2017"
Ryzen 7 PRO 1700X,Zen,Aug-16,3.4 to 3.8 GHz,Socket AM4,14 nm,16MB,95 W,"Jun 29th, 2017"
Ryzen 7 PRO 2700U,Raven Ridge,04-Aug,2.2 to 3.8 GHz,Socket FP5,14 nm,4MB,15 W,"Oct 26th, 2017"
Ryzen Threadripper 1900,Zen,Aug-16,3.1 to 3.7 GHz,Socket SP3r2,14 nm,32MB,125 W,"Aug 31st, 2017"
Ryzen Threadripper 1900X,Zen,Aug-16,3.8 to 4 GHz,Socket SP3r2,14 nm,32MB,125 W,"Aug 31st, 2017"
Ryzen Threadripper 1920,Zen,Dec-24,3.2 to 3.8 GHz,Socket SP3r2,14 nm,32MB,140 W,"Jul 29th, 2017"
Ryzen Threadripper 1920X,Zen,Dec-24,3.5 to 4.2 GHz,Socket SP3r2,14 nm,32MB,180 W,"Aug 10th, 2017"
Ryzen Threadripper 1940,Zen,14  / 28,3.2 to 3.7 GHz,Socket SP3r2,14 nm,32MB,180 W,"Jul 29th, 2017"
Ryzen Threadripper 1940X,Zen,14  / 28,3.5 to 4 GHz,Socket SP3r2,14 nm,32MB,180 W,"Jul 29th, 2017"
Ryzen Threadripper 1950,Zen,16  / 32,3.2 GHz,Socket SP3r2,14 nm,32MB,180 W,"Jul 29th, 2017"
Ryzen Threadripper 1950X,Zen,16  / 32,3.4 to 4 GHz,Socket SP3r2,14 nm,32MB,180 W,"Aug 10th, 2017"
A10-7890K,Godaveri,4,4 to 4.3 GHz,Socket FM2+,28 nm,N/A,95 W,"Jan 11th, 2016"
A9-9400 SoC,Stoney Ridge,2,2.4 to 3.2 GHz,Socket FT4,28 nm,N/A,10 W,"May 31st, 2016"
A9-9410 SoC,Stoney Ridge,2,2.9 to 3.5 GHz,Socket FP4,28 nm,N/A,25 W,"May 31st, 2016"
A9-9420 SoC,Stoney Ridge,2,3 to 3.6 GHz,Socket FT4,28 nm,N/A,15 W,"May 31st, 2016"
A9-9425 SoC,Stoney Ridge,2,3.1 to 3.7 GHz,Socket FT4,28 nm,N/A,15 W,"May 31st, 2016"
Opteron A1120,Seattle,4,1700 MHz,Socket SP1,28 nm,8MB,25 W,"Jan 14th, 2016"
Opteron A1150,Seattle,8,1700 MHz,Socket SP1,28 nm,8MB,32 W,"Jan 14th, 2016"
Opteron A1170,Seattle,8,2000 MHz,Socket SP1,28 nm,8MB,32 W,"Jan 14th, 2016"
Opteron X2170,Steppe Eagle,4,2.4 GHz,Socket FT3,28 nm,N/A,25 W,"Sep 1st, 2016"
A10-7870K,Godaveri,4,3.9 to 4.1 GHz,Socket FM2+,28 nm,N/A,95 W,"May 28th, 2015"
FX-6330,Vishera,6,3.6 to 4.2 GHz,Socket AM3+,32 nm,8MB,125 W,"Dec 15th, 2015"
A10-7700K,Godaveri,4,3.5 to 3.8 GHz,Socket FM2+,28 nm,N/A,95 W,"Jan 14th, 2014"
A10-7850K,Godaveri,4,3.7 to 4 GHz,Socket FM2+,28 nm,N/A,95 W,"Jan 14th, 2014"
A4-5050,Kabini,4,1500 MHz,Socket FT3,32 nm,N/A,15 W,"Feb 1st, 2014"
E1-2150,Kabini,2,1050 MHz,Socket FT3,32 nm,N/A,9 W,"Feb 1st, 2014"
FX-8320E,Vishera,8,3.2 to 4 GHz,Socket AM3+,32 nm,8MB,95 W,"Sep 2nd, 2014"
FX-8370,Vishera,8,4 to 4.3 GHz,Socket AM3+,32 nm,8MB,125 W,"Sep 2nd, 2014"
FX-8370E,Vishera,8,3.3 to 4.3 GHz,Socket AM3+,32 nm,8MB,95 W,"Sep 2nd, 2014"
A10-5745M,Richland,4,2.1 to 2.9 GHz,Socket FP2,32 nm,N/A,25 W,"Jun 1st, 2013"
A10-5750M,Richland,4,2.5 to 3.5 GHz,Socket FS1r2,32 nm,N/A,35 W,"Jun 1st, 2013"
A10-5757M,Richland,4,2.5 to 3.5 GHz,Socket FP2,32 nm,N/A,35 W,"Jun 1st, 2013"
A10-6700,Richland,4,3.7 to 4.3 GHz,Socket FM2,32 nm,N/A,65 W,"Jun 1st, 2013"
A10-6700T,Richland,4,2.5 to 3.5 GHz,Socket FM2,32 nm,N/A,45 W,"Sep 16th, 2013"
A10-6790K,Richland,4,4 to 4.3 GHz,Socket FM2,32 nm,N/A,100 W,"Oct 28th, 2013"
A10-6800K,Richland,4,4.1 to 4.4 GHz,Socket FM2,32 nm,N/A,100 W,"Jun 1st, 2013"
A4-1200,Temash,2,1000 MHz,Socket FT3,32 nm,N/A,4 W,"May 23rd, 2013"
A4-1250,Temash,2,1000 MHz,Socket FT3,32 nm,N/A,8 W,"May 23rd, 2013"
A4-1350,Kabini,4,1000 MHz,Socket FT3,32 nm,N/A,8 W,"Oct 18th, 2013"
A4-4000,Richland,2,3 to 3.2 GHz,Socket FM2,32 nm,N/A,65 W,"Jun 1st, 2013"
A4-5000,Kabini,4,1500 MHz,Socket FT3,32 nm,N/A,15 W,"May 23rd, 2013"
A4-5145M,Richland,2,2 to 2.6 GHz,Socket FP2,32 nm,N/A,17 W,"Jun 1st, 2013"
A4-5150M,Richland,2,2.7 to 3.3 GHz,Socket FS1r2,32 nm,N/A,35 W,"Mar 12th, 2013"
A4-6300,Richland,2,3.7 to 3.9 GHz,Socket FM2,32 nm,N/A,65 W,"Jun 1st, 2013"
A6-1450,Temash,4,1000 to 1400 MHz,Socket FT3,32 nm,N/A,8 W,"May 23rd, 2013"
A6-5200,Kabini,4,2000 MHz,Socket FT3,32 nm,N/A,25 W,"May 23rd, 2013"
A6-5345M,Richland,2,2.2 to 2.8 GHz,Socket FP2,32 nm,N/A,17 W,"Jun 1st, 2013"
A6-5350M,Richland,2,2.9 to 3.5 GHz,Socket FS1r2,32 nm,N/A,35 W,"Jun 1st, 2013"
A6-5357M,Richland,2,2.9 to 3.5 GHz,Socket FP2,32 nm,N/A,35 W,"Jun 1st, 2013"
A6-6400K,Richland,2,3.9 to 4.1 GHz,Socket FM2,32 nm,N/A,65 W,"Jun 1st, 2013"
A8-5545M,Richland,4,1.7 to 2.7 GHz,Socket FP2,32 nm,N/A,25 W,"Jun 1st, 2013"
A8-5550M,Richland,4,2.1 to 3.1 GHz,Socket FS1r2,32 nm,N/A,35 W,"Jun 1st, 2013"
A8-5557M,Richland,4,2.1 to 3.1 GHz,Socket FP2,32 nm,N/A,35 W,"Jun 1st, 2013"
A8-6500,Richland,4,3.5 to 4.1 GHz,Socket FM2,32 nm,N/A,65 W,"Jun 1st, 2013"
A8-6600K,Richland,4,3.9 to 4.2 GHz,Socket FM2,32 nm,N/A,100 W,"Jun 1st, 2013"
Athlon II X2 280,Regor,2,3.6 GHz,Socket AM3,45 nm,N/A,65 W,"Feb 6th, 2013"
E1-1500,Zacate,2,1480 MHz,Socket FT1,40 nm,N/A,18 W,"Jan 6th, 2013"
E1-2100,Kabini,2,1000 MHz,Socket FT3,32 nm,N/A,9 W,"May 23rd, 2013"
E1-2500,Kabini,2,1400 MHz,Socket FT3,32 nm,N/A,15 W,"May 23rd, 2013"
E2-2000,Zacate,2,1750 MHz,Socket FT1,40 nm,N/A,18 W,"Jan 6th, 2013"
E2-3000,Kabini,2,1650 MHz,Socket FT3,32 nm,N/A,15 W,"May 23rd, 2013"
FX-4130,Vishera,4,3.8 to 4 GHz,Socket AM3+,32 nm,8MB,125 W,"Jan 30th, 2013"
FX-4350,Vishera,4,4.2 to 4.3 GHz,Socket AM3+,32 nm,8MB,125 W,"Apr 29th, 2013"
FX-6350,Vishera,6,3.9 to 4.2 GHz,Socket AM3+,32 nm,8MB,125 W,"Apr 29th, 2013"
FX-9370,Vishera,8,4.4 to 4.7 GHz,Socket AM3+,32 nm,8MB,220 W,"Jul 6th, 2013"
FX-9590,Vishera,8,4.7 to 5 GHz,Socket AM3+,32 nm,8MB,220 W,"Jul 6th, 2013"
Opteron X1150,Kyoto,4,2000 MHz,Socket FT3,28 nm,N/A,17 W,"May 29th, 2013"
Opteron X2150,Kyoto,4,1900 MHz,Socket FT3,28 nm,N/A,22 W,"May 29th, 2013"
A10-4600M,Trinity,4,2.3 to 3.2 GHz,Socket FS1r2,32 nm,N/A,35 W,"May 15th, 2012"
A10-4655M,Trinity,4,2 to 2.8 GHz,Socket FP2,32 nm,N/A,25 W,"May 15th, 2012"
A10-5700,Trinity,4,3.4 to 4 GHz,Socket FM2,32 nm,N/A,65 W,"Oct 2nd, 2012"
A10-5800B,Trinity,4,3.8 to 4.2 GHz,Socket FM2,32 nm,N/A,100 W,"Oct 2nd, 2012"
A10-5800K,Trinity,4,3.8 to 4.2 GHz,Socket FM2,32 nm,N/A,100 W,"Oct 2nd, 2012"
A4-4300M,Trinity,2,2.5 to 3 GHz,Socket FS1r2,32 nm,N/A,35 W,"May 15th, 2012"
A4-4355M,Trinity,2,1.9 to 2.4 GHz,Socket FP2,32 nm,N/A,17 W,"Sep 27th, 2012"
A4-5300,Trinity,2,3.4 to 3.6 GHz,Socket FM2,32 nm,N/A,65 W,"Oct 2nd, 2012"
A4-5300B,Trinity,2,3.4 to 3.6 GHz,Socket FM2,32 nm,N/A,65 W,"Oct 2nd, 2012"
A6-4400M,Trinity,2,2.7 to 3.2 GHz,Socket FS1r2,32 nm,N/A,35 W,"May 15th, 2012"
A6-4455M,Trinity,2,2.1 to 2.6 GHz,Socket FP2,32 nm,N/A,17 W,"May 15th, 2012"
A6-5400B,Trinity,4,3.6 to 3.8 GHz,Socket FM2,32 nm,N/A,65 W,"Oct 2nd, 2012"
A6-5400K,Trinity,4,3.6 to 3.8 GHz,Socket FM2,32 nm,N/A,65 W,"Oct 2nd, 2012"
A8-4500M,Trinity,4,1.9 to 2.8 GHz,Socket FS1r2,32 nm,N/A,35 W,"May 15th, 2012"
A8-4555M,Trinity,4,1.6 to 2.4 GHz,Socket FP2,32 nm,N/A,19 W,"Sep 27th, 2012"
A8-5500,Trinity,4,3.2 to 3.7 GHz,Socket FM2,32 nm,N/A,65 W,"Oct 2nd, 2012"
A8-5500B,Trinity,4,3.2 to 3.7 GHz,Socket FM2,32 nm,N/A,65 W,"Oct 2nd, 2012"
A8-5600K,Trinity,4,3.6 to 3.9 GHz,Socket FM2,32 nm,N/A,100 W,"Oct 2nd, 2012"
Athlon II X4 638,Llano,4,2.7 GHz,Socket FM1,32 nm,N/A,65 W,"Feb 6th, 2012"
Athlon II X4 641,Llano,4,2.8 GHz,Socket FM1,32 nm,N/A,100 W,"Feb 6th, 2012"
C-70,Ontario,2,1000 to 1333 MHz,Socket FT1,40 nm,N/A,9 W,"Sep 1st, 2012"
E1-1200,Zacate,2,1400 MHz,Socket FT1,40 nm,N/A,18 W,"Jun 6th, 2012"
E2-1800,Zacate,2,1700 MHz,Socket FT1,40 nm,N/A,18 W,"Jun 6th, 2012"
FX-4120,Zambezi,4,3.9 to 4.1 GHz,Socket AM3+,32 nm,8MB,95 W,"Oct 23rd, 2012"
FX-4150,Zambezi,4,3.8 to 4 GHz,Socket AM3+,32 nm,8MB,95 W,"Oct 23rd, 2012"
FX-4170,Zambezi,4,4.2 to 4.3 GHz,Socket AM3+,32 nm,8MB,125 W,"Feb 27th, 2012"
FX-4300,Vishera,4,3.8 to 4 GHz,Socket AM3+,32 nm,8MB,95 W,"Oct 23rd, 2012"
FX-4320,Vishera,4,4 to 4.2 GHz,Socket AM3+,32 nm,8MB,95 W,"Oct 23rd, 2012"
FX-6120,Zambezi,6,3.6 to 4.2 GHz,Socket AM3+,32 nm,8MB,95 W,"Oct 23rd, 2012"
FX-6130,Zambezi,6,3.6 to 3.9 GHz,Socket AM3+,32 nm,8MB,95 W,"Oct 23rd, 2012"
FX-6200,Zambezi,6,3.8 to 4.1 GHz,Socket AM3+,32 nm,8MB,125 W,"Feb 27th, 2012"
FX-6300,Vishera,6,3.5 to 4.1 GHz,Socket AM3+,32 nm,8MB,95 W,"Oct 23rd, 2012"
FX-8140,Zambezi,8,3.2 to 4.1 GHz,Socket AM3+,32 nm,8MB,95 W,"Oct 23rd, 2012"
FX-8170,Zambezi,8,3.9 to 4.5 GHz,Socket AM3+,32 nm,8MB,125 W,"Oct 23rd, 2012"
FX-8300,Vishera,8,3.3 to 3.9 GHz,Socket AM3+,32 nm,8MB,95 W,"Oct 23rd, 2012"
FX-8320,Vishera,8,3.5 to 4 GHz,Socket AM3+,32 nm,8MB,125 W,"Oct 23rd, 2012"
FX-8350,Vishera,8,4 to 4.2 GHz,Socket AM3+,32 nm,8MB,125 W,"Oct 23rd, 2012"
Opteron 3320 EE,Delhi,4,1.9 to 2.5 GHz,Socket AM3+,32 nm,8MB,25 W,"Dec 4th, 2012"
Opteron 3350 HE,Delhi,4,2.8 to 3.8 GHz,Socket AM3+,32 nm,8MB,45 W,"Dec 4th, 2012"
Opteron 3380,Delhi,8,2.6 to 3.6 GHz,Socket AM3+,32 nm,8MB,65 W,"Dec 4th, 2012"
Opteron 4310 EE,Seoul,4,2.2 to 3 GHz,Socket C32,32 nm,8MB,35 W,"Dec 4th, 2012"
Opteron 4332 HE,Seoul,6,3 to 3.7 GHz,Socket C32,32 nm,8MB,65 W,"Dec 4th, 2012"
Opteron 4334,Seoul,6,3.1 to 3.5 GHz,Socket C32,32 nm,8MB,95 W,"Dec 4th, 2012"
Opteron 4340,Seoul,6,3.5 to 3.8 GHz,Socket C32,32 nm,8MB,95 W,"Dec 4th, 2012"
Opteron 4376 HE,Seoul,8,2.6 to 3.6 GHz,Socket C32,32 nm,8MB,65 W,"Dec 4th, 2012"
Opteron 4386,Seoul,8,3.1 to 3.8 GHz,Socket C32,32 nm,8MB,95 W,"Dec 4th, 2012"
Opteron 43CX EE,Seoul,4,2.2 to 3 GHz,Socket C32,32 nm,8MB,35 W,"Dec 4th, 2012"
Opteron 43GK HE,Seoul,8,2.6 to 3.6 GHz,Socket C32,32 nm,8MB,65 W,"Dec 4th, 2012"
Opteron 6278,Interlagos,16,2.4 to 3.3 GHz,Socket G34,32 nm,8MB,115 W,"May 1st, 2012"
Opteron 6284 SE,Interlagos,16,2.7 to 3.4 GHz,Socket G34,32 nm,8MB,140 W,"May 1st, 2012"
Opteron 6348,Abu Dhabi,12,2.8 to 3.4 GHz,Socket G34,32 nm,8MB,115 W,"Nov 5th, 2012"
Opteron 6366 HE,Abu Dhabi,16,1.8 to 3.1 GHz,Socket G34,32 nm,8MB,85 W,"Nov 5th, 2012"
Opteron 6376,Abu Dhabi,16,2.3 to 3.2 GHz,Socket G34,32 nm,8MB,115 W,"Nov 5th, 2012"
Opteron 6378,Abu Dhabi,16,2.4 to 3.3 GHz,Socket G34,32 nm,8MB,115 W,"Nov 5th, 2012"
Opteron 6380,Abu Dhabi,16,2.5 to 3.4 GHz,Socket G34,32 nm,8MB,115 W,"Nov 5th, 2012"
Opteron 6386 SE,Abu Dhabi,16,2.8 to 3.5 GHz,Socket G34,32 nm,8MB,140 W,"Nov 5th, 2012"
Z-60,Hondo,2,1000 MHz,Socket FT1,40 nm,N/A,5 W,"Oct 9th, 2012"
A4-3300,Llano,2,2.5 GHz,Socket FM1,32 nm,N/A,65 W,"Sep 7th, 2011"
A4-3300M,Llano,2,1.9 to 2.5 GHz,Socket FS1,32 nm,N/A,35 W,"Jun 14th, 2011"
A4-3305M,Llano,2,1.9 to 2.5 GHz,Socket FS1,32 nm,N/A,35 W,"Jun 14th, 2011"
A4-3310MX,Llano,2,2.1 to 2.5 GHz,Socket FS1,32 nm,N/A,35 W,"Jun 14th, 2011"
A4-3320M,Llano,2,2 to 2.6 GHz,Socket FS1,32 nm,N/A,35 W,"Dec 20th, 2011"
A4-3330MX,Llano,2,2.2 to 2.6 GHz,Socket FS1,32 nm,N/A,45 W,"Dec 20th, 2011"
A4-3400,Llano,2,2.7 GHz,Socket FM1,32 nm,N/A,65 W,"Sep 7th, 2011"
A4-3420,Llano,2,2.8 GHz,Socket FM1,32 nm,N/A,65 W,"Dec 20th, 2011"
A6-3400M,Llano,4,1.4 to 2.3 GHz,Socket FS1,32 nm,N/A,35 W,"Jun 14th, 2011"
A6-3410MX,Llano,4,1.6 to 2.3 GHz,Socket FS1,32 nm,N/A,45 W,"Jun 14th, 2011"
A6-3420M,Llano,4,1.5 to 2.4 GHz,Socket FS1,32 nm,N/A,35 W,"Dec 20th, 2011"
A6-3430MX,Llano,4,1.7 to 2.4 GHz,Socket FS1,32 nm,N/A,45 W,"Dec 20th, 2011"
A6-3500,Llano,3,2.1 to 2.4 GHz,Socket FM1,32 nm,N/A,65 W,"Aug 17th, 2011"
A6-3600,Llano,4,2.1 to 2.4 GHz,Socket FM1,32 nm,N/A,65 W,"Jun 30th, 2011"
A6-3620,Llano,4,2.2 to 2.5 GHz,Socket FM1,32 nm,N/A,65 W,"Dec 20th, 2011"
A6-3650,Llano,4,2.6 GHz,Socket FM1,32 nm,N/A,100 W,"Jun 30th, 2011"
A6-3670K,Llano,4,2.7 GHz,Socket FM1,32 nm,N/A,100 W,"Dec 20th, 2011"
A8-3500M,Llano,4,1.5 to 2.4 GHz,Socket FS1,32 nm,N/A,35 W,"Jun 14th, 2011"
A8-3510MX,Llano,4,1.8 to 2.5 GHz,Socket FS1,32 nm,N/A,45 W,"Jun 14th, 2011"
A8-3520M,Llano,4,1.6 to 2.5 GHz,Socket FS1,32 nm,N/A,35 W,"Dec 20th, 2011"
A8-3530MX,Llano,4,1.9 to 2.6 GHz,Socket FS1,32 nm,N/A,45 W,"Jun 14th, 2011"
A8-3550MX,Llano,4,2 to 2.7 GHz,Socket FS1,32 nm,N/A,45 W,"Dec 20th, 2011"
A8-3800,Llano,4,2.4 to 2.7 GHz,Socket FM1,32 nm,N/A,65 W,"Jun 30th, 2011"
A8-3820,Llano,4,2.5 to 2.8 GHz,Socket FM1,32 nm,N/A,65 W,"Dec 20th, 2011"
A8-3850,Llano,4,2.9 GHz,Socket FM1,32 nm,N/A,100 W,"Jun 30th, 2011"
A8-3870K,Llano,4,3 GHz,Socket FM1,32 nm,N/A,100 W,"Dec 20th, 2011"
Athlon II X2 270,Regor,2,3.4 GHz,Socket AM3,45 nm,N/A,65 W,"Jul 1st, 2011"
Athlon II X3 425e,Rana,3,2.7 GHz,Socket AM3,45 nm,N/A,45 W,"May 3rd, 2011"
Athlon II X3 460,Rana,3,3.4 GHz,Socket AM3,45 nm,N/A,95 W,"May 3rd, 2011"
Athlon II X4 620e,Propus,4,2.6 GHz,Socket AM3,45 nm,N/A,45 W,"May 3rd, 2011"
Athlon II X4 631,Llano,4,2.6 GHz,Socket FM1,32 nm,N/A,100 W,"Aug 17th, 2011"
Athlon II X4 651,Llano,4,3 GHz,Socket FM1,32 nm,N/A,100 W,"Nov 14th, 2011"
Athlon II X4 651K,Llano,4,3 GHz,Socket FM1,32 nm,N/A,100 W,"Nov 14th, 2011"
C-30,Ontario,1,1200 MHz,Socket FT1,40 nm,N/A,9 W,"Jan 4th, 2011"
C-50,Ontario,2,1000 MHz,Socket FT1,40 nm,N/A,9 W,"Jan 4th, 2011"
C-60,Ontario,2,1000 to 1333 MHz,Socket FT1,40 nm,N/A,9 W,"Aug 22nd, 2011"
E-240,Zacate,1,1500 MHz,Socket FT1,40 nm,N/A,18 W,"Jan 4th, 2011"
E-300,Zacate,2,1300 MHz,Socket FT1,40 nm,N/A,18 W,"Aug 22nd, 2011"
E-350,Zacate,2,1600 MHz,Socket FT1,40 nm,N/A,18 W,"Jan 4th, 2011"
E-450,Zacate,2,1650 MHz,Socket FT1,40 nm,N/A,18 W,"Aug 22nd, 2011"
E2-3000M,Llano,2,1.8 to 2.4 GHz,Socket FS1,32 nm,N/A,35 W,"Dec 20th, 2011"
E2-3200,Llano,2,2.4 GHz,Socket FM1,32 nm,N/A,65 W,"Sep 7th, 2011"
FX-4100,Zambezi,4,3.6 to 3.9 GHz,Socket AM3+,32 nm,8MB,95 W,"Oct 12th, 2011"
FX-6100,Zambezi,6,3.3 to 3.9 GHz,Socket AM3+,32 nm,8MB,95 W,"Oct 12th, 2011"
FX-8100,Zambezi,8,2.8 to 3.7 GHz,Socket AM3+,32 nm,8MB,95 W,"Oct 12th, 2011"
FX-8120,Zambezi,8,3.1 to 4 GHz,Socket AM3+,32 nm,8MB,125 W,"Oct 12th, 2011"
FX-8150,Zambezi,8,3.6 to 4.2 GHz,Socket AM3+,32 nm,8MB,125 W,"Oct 12th, 2011"
Opteron 6262 HE,Interlagos,16,1.6 to 2.9 GHz,Socket G34,32 nm,16MB,85 W,"Nov 14th, 2011"
Opteron 6272,Interlagos,16,2.1 to 3 GHz,Socket G34,32 nm,16MB,115 W,"Nov 14th, 2011"
Opteron 6274,Interlagos,16,2.2 to 3.1 GHz,Socket G34,32 nm,16MB,115 W,"Nov 14th, 2011"
Opteron 6276,Interlagos,16,2.3 to 3.2 GHz,Socket G34,32 nm,8MB,115 W,"Nov 14th, 2011"
Opteron 6282 SE,Interlagos,16,2.6 to 3.3 GHz,Socket G34,32 nm,8MB,140 W,"Nov 14th, 2011"
Phenom II X4 650T,Zosma,4,2.7 to 3.2 GHz,Socket AM3,45 nm,4MB,95 W,"Jul 1st, 2011"
Phenom II X4 840,Propus,4,3.2 GHz,Socket AM3,45 nm,N/A,95 W,"Jan 4th, 2011"
Phenom II X4 850,Propus,4,3.3 GHz,Socket AM3,45 nm,N/A,95 W,"Jun 1st, 2011"
Phenom II X4 975 BE,Deneb,4,3.6 GHz,Socket AM3,45 nm,6MB,125 W,"Jan 4th, 2011"
Phenom II X4 980 BE,Deneb,4,3.7 GHz,Socket AM3,45 nm,6MB,125 W,"May 3rd, 2011"
Sempron 130,Sargas,1,2.6 GHz,Socket AM3,45 nm,N/A,45 W,"Aug 1st, 2011"
Z-01,Desna,2,1000 MHz,Socket FT1,40 nm,N/A,6 W,"Jun 1st, 2011"
Athlon II X2 210e,Regor,2,2.6 GHz,Socket AM3,45 nm,N/A,45 W,"Sep 21st, 2010"
Athlon II X2 220,Regor,2,2.8 GHz,Socket AM3,45 nm,N/A,65 W,"Sep 21st, 2010"
Athlon II X2 245e,Regor,2,2.9 GHz,Socket AM3,45 nm,N/A,45 W,"May 11th, 2010"
Athlon II X2 250e,Regor,2,3 GHz,Socket AM3,45 nm,N/A,45 W,"Sep 21st, 2010"
Athlon II X2 255,Regor,2,3.1 GHz,Socket AM3,45 nm,N/A,65 W,"Jan 25th, 2010"
Athlon II X2 260,Regor,2,3.2 GHz,Socket AM3,45 nm,N/A,65 W,"May 11th, 2010"
Athlon II X2 265,Regor,2,3.3 GHz,Socket AM3,45 nm,N/A,65 W,"Sep 21st, 2010"
Athlon II X2 270u,Regor,2,2000 MHz,Socket AM3,45 nm,N/A,25 W,"Sep 21st, 2010"
Athlon II X3 415e,Rana,3,2.5 GHz,Socket AM3,45 nm,N/A,45 W,"May 11th, 2010"
Athlon II X3 420e,Rana,3,2.6 GHz,Socket AM3,45 nm,N/A,45 W,"Sep 21st, 2010"
Athlon II X3 440,Rana,3,3 GHz,Socket AM3,45 nm,N/A,95 W,"Jan 25th, 2010"
Athlon II X3 445,Rana,3,3.1 GHz,Socket AM3,45 nm,N/A,95 W,"May 11th, 2010"
Athlon II X3 450,Rana,3,3.2 GHz,Socket AM3,45 nm,N/A,95 W,"Sep 21st, 2010"
Athlon II X3 455,Rana,3,3.3 GHz,Socket AM3,45 nm,N/A,95 W,"Dec 7th, 2010"
Athlon II X4 610e,Propus,4,2.4 GHz,Socket AM3,45 nm,N/A,45 W,"May 11th, 2010"
Athlon II X4 615e,Propus,4,2.5 GHz,Socket AM3,45 nm,N/A,45 W,"Sep 21st, 2010"
Athlon II X4 635,Propus,4,2.9 GHz,Socket AM3,45 nm,N/A,95 W,"Jan 25th, 2010"
Athlon II X4 640,Propus,4,3 GHz,Socket AM3,45 nm,N/A,95 W,"May 11th, 2010"
Athlon II X4 645,Propus,4,3.1 GHz,Socket AM3,45 nm,N/A,95 W,"Sep 21st, 2010"
Opteron 6168,Magny-Cours,12,1900 MHz,Socket G34,45 nm,12MB,115 W,"Mar 29th, 2010"
Phenom II X2 555 BE,Callisto,2,3.2 GHz,Socket AM3,45 nm,6MB,80 W,"Jan 25th, 2010"
Phenom II X2 560 BE,Callisto,2,3.3 GHz,Socket AM3,45 nm,6MB,80 W,"Sep 21st, 2010"
Phenom II X2 565 BE,Callisto,2,3.4 GHz,Socket AM3,45 nm,6MB,80 W,"Dec 7th, 2010"
Phenom II X2 570 BE,Callisto,2,3.5 GHz,Socket AM3,45 nm,6MB,80 W,"May 3rd, 2010"
Phenom II X2 B57,Callisto,2,3.2 GHz,Socket AM3,45 nm,6MB,80 W,"May 11th, 2010"
Phenom II X3 715 BE,Heka,3,2.8 GHz,Socket AM2+,45 nm,6MB,95 W,"Oct 1st, 2010"
Phenom II X3 720,Heka,3,2.8 GHz,Socket AM3,45 nm,6MB,95 W,"Jan 1st, 2010"
Phenom II X3 B77,Heka,3,3.2 GHz,Socket AM3,45 nm,6MB,95 W,"May 11th, 2010"
Phenom II X4 840T,Zosma,4,2.9 to 3.2 GHz,Socket AM3,45 nm,6MB,95 W,"Sep 1st, 2010"
Phenom II X4 910e,Deneb,4,2.6 GHz,Socket AM3,45 nm,6MB,65 W,"Jan 25th, 2010"
Phenom II X4 960T BE,Zosma,4,3 to 3.4 GHz,Socket AM3,45 nm,6MB,95 W,"Jun 1st, 2010"
Phenom II X4 970 BE,Zosma,4,3.5 GHz,Socket AM3,45 nm,6MB,125 W,"Oct 1st, 2010"
Phenom II X4 970 BE,Deneb,4,3.5 GHz,Socket AM3,45 nm,6MB,125 W,"Sep 21st, 2010"
Phenom II X4 B97,Deneb,4,3.2 GHz,Socket AM3,45 nm,6MB,95 W,"May 11th, 2010"
Phenom II X6 1035T,Thuban,6,2.6 to 3.1 GHz,Socket AM3,45 nm,6MB,95 W,"Apr 27th, 2010"
Phenom II X6 1045T,Thuban,6,2.7 to 3.2 GHz,Socket AM3,45 nm,6MB,95 W,"Sep 1st, 2010"
Phenom II X6 1055T (125W),Thuban,6,2.8 to 3.3 GHz,Socket AM3,45 nm,6MB,125 W,"Apr 27th, 2010"
Phenom II X6 1055T (95W),Thuban,6,2.8 to 3.3 GHz,Socket AM3,45 nm,6MB,95 W,"May 1st, 2010"
Phenom II X6 1065T,Thuban,6,2.9 to 3.4 GHz,Socket AM3,45 nm,6MB,125 W,"Dec 7th, 2010"
Phenom II X6 1075T,Thuban,6,3 to 3.5 GHz,Socket AM3,45 nm,6MB,125 W,"Sep 21st, 2010"
Phenom II X6 1090T BE,Thuban,6,3.2 to 3.6 GHz,Socket AM3,45 nm,6MB,125 W,"Apr 27th, 2010"
Phenom II X6 1100T BE,Thuban,6,3.3 to 3.7 GHz,Socket AM3,45 nm,6MB,125 W,"Dec 7th, 2010"
Sempron 145,Sargas,1,2.8 GHz,Socket AM3,45 nm,N/A,45 W,"Sep 1st, 2010"
Sempron 150,Sargas,1,2.9 GHz,Socket AM3,45 nm,N/A,45 W,"Dec 7th, 2010"
Sempron 180,Regor,2,2.4 GHz,Socket AM3,45 nm,N/A,45 W,"Sep 1st, 2010"
Athlon 64 2650e,Lima,1,1600 MHz,Socket AM2,65 nm,N/A,15 W,"Jan 1st, 2009"
Athlon 64 LE-1640,Orleans,1,2.6 GHz,Socket AM2,90 nm,N/A,45 W,"Jan 7th, 2009"
Athlon II X2 215,Regor,2,2.7 GHz,Socket AM3,45 nm,N/A,65 W,"Oct 20th, 2009"
Athlon II X2 235e,Regor,2,2.7 GHz,Socket AM3,45 nm,N/A,45 W,"Oct 20th, 2009"
Athlon II X2 240,Regor,2,2.8 GHz,Socket AM3,45 nm,N/A,65 W,"Jul 23rd, 2009"
Athlon II X2 240e,Regor,2,2.8 GHz,Socket AM3,45 nm,N/A,45 W,"Oct 20th, 2009"
Athlon II X2 245,Regor,2,2.9 GHz,Socket AM3,45 nm,N/A,65 W,"Jul 23rd, 2009"
Athlon II X2 250,Regor,2,3 GHz,Socket AM3,45 nm,N/A,65 W,"Jun 2nd, 2009"
Athlon II X2 250u,Regor,2,1600 MHz,Socket AM3,45 nm,N/A,25 W,"Oct 20th, 2009"
Athlon II X2 260u,Regor,2,1800 MHz,Socket AM3,45 nm,N/A,25 W,"Oct 20th, 2009"
Athlon II X3 400e,Rana,3,2.2 GHz,Socket AM3,45 nm,N/A,45 W,"Oct 20th, 2009"
Athlon II X3 405e,Rana,3,2.3 GHz,Socket AM3,45 nm,N/A,45 W,"Oct 20th, 2009"
Athlon II X3 425,Rana,3,2.7 GHz,Socket AM3,45 nm,N/A,95 W,"Oct 20th, 2009"
Athlon II X3 435,Rana,3,2.9 GHz,Socket AM3,45 nm,N/A,95 W,"Oct 9th, 2009"
Athlon II X4 600e,Propus,4,2.2 GHz,Socket AM3,45 nm,N/A,45 W,"Oct 20th, 2009"
Athlon II X4 605e,Propus,4,2.3 GHz,Socket AM3,45 nm,N/A,45 W,"Oct 20th, 2009"
Athlon II X4 620,Propus,4,2.6 GHz,Socket AM3,45 nm,N/A,95 W,"Sep 16th, 2009"
Athlon II X4 630,Propus,4,2.8 GHz,Socket AM3,45 nm,N/A,95 W,"Sep 16th, 2009"
Athlon X2 7850 BE,Kuma,2,2.8 GHz,Socket AM2+,65 nm,2MB,95 W,"Apr 28th, 2009"
Phenom II 42 TWKR Black Edition,Deneb,4,2000 MHz,Socket AM3,45 nm,6MB,125 W,"Jun 1st, 2009"
Phenom II X2 545,Callisto,2,3 GHz,Socket AM3,45 nm,6MB,80 W,"Jun 1st, 2009"
Phenom II X2 550,Callisto,2,3.1 GHz,Socket AM3,45 nm,6MB,80 W,"Nov 4th, 2009"
Phenom II X2 550 BE,Callisto,2,3.1 GHz,Socket AM3,45 nm,6MB,80 W,"Jun 1st, 2009"
Phenom II X2 B53,Callisto,2,2.8 GHz,Socket AM3,45 nm,6MB,80 W,"Oct 1st, 2009"
Phenom II X2 B55,Callisto,2,3 GHz,Socket AM3,45 nm,6MB,80 W,"Oct 1st, 2009"
Phenom II X3 700e,Heka,3,2.4 GHz,Socket AM3,45 nm,6MB,65 W,"Jun 2nd, 2009"
Phenom II X3 705e,Heka,3,2.5 GHz,Socket AM3,45 nm,6MB,65 W,"Jun 2nd, 2009"
Phenom II X3 710,Heka,3,2.6 GHz,Socket AM3,45 nm,6MB,95 W,"Feb 9th, 2009"
Phenom II X3 720 BE,Heka,3,2.8 GHz,Socket AM3,45 nm,6MB,95 W,"Feb 9th, 2009"
Phenom II X3 740 BE,Heka,3,3 GHz,Socket AM3,45 nm,6MB,95 W,"Sep 1st, 2009"
Phenom II X3 B73,Heka,3,2.8 GHz,Socket AM3,45 nm,6MB,95 W,"Oct 1st, 2009"
Phenom II X3 B75,Heka,3,3 GHz,Socket AM3,45 nm,6MB,95 W,"Oct 1st, 2009"
Phenom II X4 805,Deneb,4,2.5 GHz,Socket AM3,45 nm,4MB,95 W,"Feb 9th, 2009"
Phenom II X4 810,Deneb,4,2.6 GHz,Socket AM3,45 nm,4MB,95 W,"Feb 9th, 2009"
Phenom II X4 820,Deneb,4,2.8 GHz,Socket AM3,45 nm,4MB,95 W,"Sep 1st, 2009"
Phenom II X4 830,Deneb,4,2.8 GHz,Socket AM3,45 nm,4MB,95 W,"Sep 1st, 2009"
Phenom II X4 900e,Deneb,4,2.4 GHz,Socket AM3,45 nm,6MB,65 W,"Jun 2nd, 2009"
Phenom II X4 905e,Deneb,4,2.5 GHz,Socket AM3,45 nm,6MB,65 W,"Jun 2nd, 2009"
Phenom II X4 910,Deneb,4,2.6 GHz,Socket AM3,45 nm,6MB,95 W,"Feb 9th, 2009"
Phenom II X4 920,Deneb,4,2.8 GHz,Socket AM3,45 nm,6MB,125 W,"Jan 8th, 2009"
Phenom II X4 925,Deneb,4,2.8 GHz,Socket AM3,45 nm,6MB,95 W,"May 11th, 2009"
Phenom II X4 940 BE,Deneb,4,3 GHz,Socket AM3,45 nm,6MB,125 W,"Jan 8th, 2009"
Phenom II X4 945 (125W),Deneb,4,3 GHz,Socket AM3,45 nm,6MB,125 W,"Apr 23rd, 2009"
Phenom II X4 945 (95W),Deneb,4,3 GHz,Socket AM3,45 nm,6MB,95 W,"Jul 22nd, 2009"
Phenom II X4 955 (125W),Deneb,4,3.2 GHz,Socket AM3,45 nm,6MB,125 W,"Apr 1st, 2009"
Phenom II X4 955 (95W),Deneb,4,3.2 GHz,Socket AM3,45 nm,6MB,95 W,"Apr 1st, 2009"
Phenom II X4 955 BE,Deneb,4,3.2 GHz,Socket AM3,45 nm,6MB,125 W,"Apr 23rd, 2009"
Phenom II X4 965 BE (125W),Deneb,4,3.4 GHz,Socket AM3,45 nm,6MB,125 W,"Nov 7th, 2009"
Phenom II X4 965 BE (140W),Deneb,4,3.4 GHz,Socket AM3,45 nm,6MB,140 W,"Aug 13th, 2009"
Phenom II X4 B93,Deneb,4,2.8 GHz,Socket AM3,45 nm,6MB,95 W,"Oct 1st, 2009"
Phenom II X4 B95,Deneb,4,3 GHz,Socket AM3,45 nm,6MB,95 W,"Oct 1st, 2009"
Sempron 140,Sargas,1,2.7 GHz,Socket AM3,45 nm,N/A,45 W,"Jul 22nd, 2009"
Athlon 64 2000+,Lima,1,1000 MHz,Socket AM2,65 nm,N/A,8 W,"Jun 1st, 2008"
Athlon 64 2600+,Lima,1,1600 MHz,Socket AM2,65 nm,N/A,15 W,"Jan 1st, 2008"
Athlon 64 2850e,Lima,1,1800 MHz,Socket AM2,65 nm,N/A,22 W,"Aug 1st, 2008"
Athlon 64 3100+,Lima,1,2000 MHz,Socket AM2,65 nm,N/A,25 W,"Apr 21st, 2008"
Athlon 64 LE-1640,Lima,1,2.7 GHz,Socket AM2,65 nm,N/A,45 W,"Apr 1st, 2008"
Athlon 64 LE-1640B,Lima,1,2.7 GHz,Socket AM2,65 nm,N/A,45 W,"Apr 28th, 2008"
Athlon 64 LE-1660,Lima,1,2.8 GHz,Socket AM2,65 nm,N/A,45 W,"May 1st, 2008"
Athlon 64 X2 4600+,Brisbane,2,2.4 GHz,Socket AM2,65 nm,N/A,65 W,"Apr 22nd, 2008"
Athlon 64 X2 5400+,Brisbane,2,2.8 GHz,Socket AM2,65 nm,N/A,65 W,"Jan 1st, 2008"
Athlon 64 X2 5400+ BE,Brisbane,2,2.8 GHz,Socket AM2,65 nm,N/A,65 W,"Feb 1st, 2008"
Athlon 64 X2 5600+,Brisbane,2,2.9 GHz,Socket AM2,65 nm,N/A,65 W,"Feb 1st, 2008"
Athlon 64 X2 5800+,Brisbane,2,3 GHz,Socket AM2,65 nm,N/A,89 W,"Apr 1st, 2008"
Athlon X2 4050e,Brisbane,2,2.1 GHz,Socket AM2,65 nm,N/A,45 W,"Apr 21st, 2008"
Athlon X2 4450e,Brisbane,2,2.3 GHz,Socket AM2,65 nm,N/A,45 W,"Apr 21st, 2008"
Athlon X2 4850e,Brisbane,2,2.5 GHz,Socket AM2,65 nm,N/A,45 W,"Mar 5th, 2008"
Athlon X2 5050e,Brisbane,2,2.6 GHz,Socket AM2,65 nm,N/A,45 W,"Oct 21st, 2008"
Athlon X2 6500 BE,Kuma,2,2.3 GHz,Socket AM2+,65 nm,2MB,95 W,"Sep 8th, 2008"
Athlon X2 7450,Kuma,2,2.4 GHz,Socket AM2+,65 nm,2MB,95 W,"Dec 15th, 2008"
Athlon X2 7550,Kuma,2,2.5 GHz,Socket AM2+,65 nm,2MB,95 W,"Dec 15th, 2008"
Athlon X2 7750 BE,Kuma,2,2.7 GHz,Socket AM2+,65 nm,2MB,95 W,"Dec 15th, 2008"
Athlon X2 QL-60,Griffin,2,1900 MHz,Socket S1,65 nm,N/A,35 W,"Jun 1st, 2008"
Athlon X2 QL-62,Griffin,2,2000 MHz,Socket S1,65 nm,N/A,25 W,"Sep 1st, 2008"
Athlon X2 QL-64,Griffin,2,2.1 GHz,Socket S1,65 nm,N/A,35 W,"Dec 1st, 2008"
Athlon X2 QL-65,Griffin,2,2.1 GHz,Socket S1,65 nm,N/A,35 W,"Dec 1st, 2008"
Athlon X2 QL-67,Griffin,2,2.2 GHz,Socket S1,65 nm,N/A,35 W,"Dec 1st, 2008"
Opteron 2350 HE,Barcelona,4,2000 MHz,Socket Fr2,65 nm,2MB,79 W,"Oct 1st, 2008"
Phenom X3 8250e,Toliman,3,1900 MHz,Socket AM2+,65 nm,2MB,65 W,"Sep 8th, 2008"
Phenom X3 8400,Toliman,3,2.1 GHz,Socket AM2+,65 nm,2MB,95 W,"Mar 27th, 2008"
Phenom X3 8450,Toliman,3,2.1 GHz,Socket AM2+,65 nm,2MB,95 W,"Apr 23rd, 2008"
Phenom X3 8450e,Toliman,3,2.1 GHz,Socket AM2+,65 nm,2MB,65 W,"Sep 8th, 2008"
Phenom X3 8550,Toliman,3,2.2 GHz,Socket AM2+,65 nm,2MB,95 W,"Apr 23rd, 2008"
Phenom X3 8600,Toliman,3,2.3 GHz,Socket AM2+,65 nm,2MB,95 W,"Mar 27th, 2008"
Phenom X3 8650,Toliman,3,2.3 GHz,Socket AM2+,65 nm,2MB,95 W,"Apr 23rd, 2008"
Phenom X3 8750,Toliman,3,2.4 GHz,Socket AM2+,65 nm,2MB,95 W,"Apr 23rd, 2008"
Phenom X3 8750 BE,Toliman,3,2.4 GHz,Socket AM2+,65 nm,2MB,95 W,"Sep 8th, 2008"
Phenom X3 8850,Toliman,3,2.5 GHz,Socket AM2+,65 nm,2MB,95 W,"Oct 21st, 2008"
Phenom X4 9100e,Agena,4,1800 MHz,Socket AM2+,65 nm,2MB,65 W,"Mar 27th, 2008"
Phenom X4 9150e,Agena,4,1800 MHz,Socket AM2+,65 nm,2MB,65 W,"Jul 1st, 2008"
Phenom X4 9350e,Agena,4,2000 MHz,Socket AM2+,65 nm,2MB,65 W,"Jul 1st, 2008"
Phenom X4 9450e,Agena,4,2.1 GHz,Socket AM2+,65 nm,2MB,65 W,"Oct 1st, 2008"
Phenom X4 9550,Agena,4,2.2 GHz,Socket AM2+,65 nm,2MB,95 W,"Mar 27th, 2008"
Phenom X4 9600B,Agena,4,2.3 GHz,Socket AM2+,65 nm,2MB,95 W,"Apr 28th, 2008"
Phenom X4 9650,Agena,4,2.3 GHz,Socket AM2+,65 nm,2MB,95 W,"Mar 27th, 2008"
Phenom X4 9750 (125W),Agena,4,2.4 GHz,Socket AM2+,65 nm,2MB,125 W,"Mar 27th, 2008"
Phenom X4 9750 (95W),Agena,4,2.4 GHz,Socket AM2+,65 nm,2MB,95 W,"Mar 27th, 2008"
Phenom X4 9750B,Agena,4,2.4 GHz,Socket AM2+,65 nm,2MB,95 W,"Aug 15th, 2008"
Phenom X4 9850 (125W),Agena,4,2.5 GHz,Socket AM2+,65 nm,2MB,125 W,"Jul 1st, 2008"
Phenom X4 9850 (95W),Agena,4,2.5 GHz,Socket AM2+,65 nm,2MB,95 W,"Oct 1st, 2008"
Phenom X4 9850 BE,Agena,4,2.5 GHz,Socket AM2+,65 nm,2MB,125 W,"Mar 27th, 2008"
Phenom X4 9850B,Agena,4,2.5 GHz,Socket AM2+,65 nm,2MB,95 W,"Aug 15th, 2008"
Phenom X4 9950 BE (125W),Agena,4,2.6 GHz,Socket AM2+,65 nm,2MB,125 W,"Oct 1st, 2008"
Phenom X4 9950 BE (140W),Agena,4,2.6 GHz,Socket AM2+,65 nm,2MB,140 W,"Mar 27th, 2008"
Sempron X2 2100,Brisbane,2,1800 MHz,Socket AM2,65 nm,N/A,65 W,"Mar 1st, 2008"
Sempron X2 2100,Brisbane,2,1800 MHz,Socket AM2,65 nm,N/A,65 W,"Mar 1st, 2008"
Sempron X2 2200,Brisbane,2,2000 MHz,Socket AM2,65 nm,N/A,65 W,"Mar 1st, 2008"
Sempron X2 2300,Brisbane,2,2.2 GHz,Socket AM2,65 nm,N/A,65 W,"Mar 1st, 2008"
Turion X2 RM-72,Griffin,2,2.1 GHz,Socket S1,65 nm,N/A,35 W,"Sep 1st, 2008"
Turion X2 RM-74,Griffin,2,2.2 GHz,Socket S1,65 nm,N/A,35 W,"Dec 1st, 2008"
Turion X2 RM-75,Griffin,2,2.2 GHz,Socket S1,65 nm,N/A,35 W,"Dec 1st, 2008"
Turion X2 RM-77,Griffin,2,2.3 GHz,Socket S1,65 nm,N/A,35 W,"Dec 1st, 2008"
Turion X2 Ultra ZM-80,Griffin,2,2.1 GHz,Socket S1,65 nm,N/A,32 W,"Jun 1st, 2008"
Turion X2 Ultra ZM-82,Griffin,2,2.2 GHz,Socket S1,65 nm,N/A,35 W,"Jun 1st, 2008"
Turion X2 Ultra ZM-84,Griffin,2,2.3 GHz,Socket S1,65 nm,N/A,35 W,"Sep 1st, 2008"
Turion X2 Ultra ZM-85,Griffin,2,2.3 GHz,Socket S1,65 nm,N/A,35 W,"Sep 1st, 2008"
Turion X2 Ultra ZM-86,Griffin,2,2.4 GHz,Socket S1,65 nm,N/A,35 W,"Jun 1st, 2008"
Turion X2 Ultra ZM-87,Griffin,2,2.4 GHz,Socket S1,65 nm,N/A,35 W,"Jun 1st, 2008"
Turion X2 Ultra ZM-88,Griffin,2,2.5 GHz,Socket S1,65 nm,N/A,35 W,"Dec 1st, 2008"
Athlon 64 3200+,Lima,1,2000 MHz,Socket AM2,65 nm,N/A,45 W,"Feb 20th, 2007"
Athlon 64 3500+,Windsor,1,2.2 GHz,Socket AM2,90 nm,N/A,62 W,"Feb 20th, 2007"
Athlon 64 3500+,Lima,1,2.2 GHz,Socket AM2,65 nm,N/A,45 W,"Feb 20th, 2007"
Athlon 64 3500+ (F3),Orleans,1,2.2 GHz,Socket AM2,90 nm,N/A,59 W,"Feb 20th, 2007"
Athlon 64 3500+ EE,Orleans,1,2.2 GHz,Socket AM2,90 nm,N/A,35 W,"Feb 20th, 2007"
Athlon 64 3800+,Lima,1,2.4 GHz,Socket AM2,65 nm,N/A,45 W,"Feb 20th, 2007"
Athlon 64 3800+,Windsor,1,2.4 GHz,Socket AM2,90 nm,N/A,62 W,"Feb 20th, 2007"
Athlon 64 3800+ (F3),Orleans,1,2.4 GHz,Socket AM2,90 nm,N/A,59 W,"Feb 20th, 2007"
Athlon 64 4000+,Windsor,1,2.6 GHz,Socket AM2,90 nm,N/A,62 W,"Feb 20th, 2007"
Athlon 64 4000+ (F3),Orleans,1,2.6 GHz,Socket AM2,90 nm,N/A,59 W,"Feb 20th, 2007"
Athlon 64 LE-1600,Windsor,1,2.2 GHz,Socket AM2,90 nm,N/A,45 W,"Oct 8th, 2007"
Athlon 64 LE-1600,Orleans,1,2.2 GHz,Socket AM2,90 nm,N/A,45 W,"Oct 8th, 2007"
Athlon 64 LE-1620,Orleans,1,2.4 GHz,Socket AM2,90 nm,N/A,45 W,"Oct 8th, 2007"
Athlon 64 LE-1620,Windsor,1,2.4 GHz,Socket AM2,90 nm,N/A,45 W,"Oct 8th, 2007"
Athlon 64 LE-1640,Windsor,1,2.6 GHz,Socket AM2,90 nm,N/A,45 W,"Oct 8th, 2007"
Athlon 64 X2 5000+ BE,Brisbane,2,2.6 GHz,Socket AM2,65 nm,N/A,65 W,"Sep 25th, 2007"
Athlon 64 X2 5000+ EE,Windsor,2,2.6 GHz,Socket AM2,90 nm,N/A,65 W,"Feb 1st, 2007"
Athlon 64 X2 5200+,Brisbane,2,2.7 GHz,Socket AM2,65 nm,N/A,65 W,"Oct 8th, 2007"
Athlon 64 X2 6000+,Windsor,2,3 GHz,Socket AM2,90 nm,N/A,125 W,"Feb 20th, 2007"
Athlon 64 X2 6000+,Brisbane,2,3.1 GHz,Socket AM2,65 nm,N/A,89 W,"Aug 20th, 2007"
Athlon 64 X2 6400+ BE,Windsor,2,3.2 GHz,Socket AM2,90 nm,N/A,125 W,"Aug 20th, 2007"
Athlon X2 BE-2300,Brisbane,2,1900 MHz,Socket AM2,65 nm,N/A,45 W,"Oct 8th, 2007"
Athlon X2 BE-2350,Brisbane,2,2.1 GHz,Socket AM2,65 nm,N/A,45 W,"Oct 8th, 2007"
Athlon X2 BE-2400,Brisbane,2,2.3 GHz,Socket AM2,65 nm,N/A,45 W,"Oct 8th, 2007"
Phenom X4 9500,Agena,4,2.2 GHz,Socket AM2+,65 nm,2MB,95 W,"Nov 19th, 2007"
Phenom X4 9600,Agena,4,2.3 GHz,Socket AM2+,65 nm,2MB,95 W,"Nov 19th, 2007"
Phenom X4 9600 BE,Agena,4,2.3 GHz,Socket AM2+,65 nm,2MB,95 W,"Dec 19th, 2007"
Sempron LE-1100,Sparta,1,1900 MHz,Socket AM2,65 nm,N/A,45 W,"Aug 1st, 2007"
Sempron LE-1150,Sparta,1,2000 MHz,Socket AM2,65 nm,N/A,45 W,"Aug 1st, 2007"
Sempron LE-1200,Sparta,1,2.1 GHz,Socket AM2,65 nm,N/A,45 W,"Aug 1st, 2007"
Sempron LE-1250,Sparta,1,2.2 GHz,Socket AM2,65 nm,N/A,45 W,"Oct 8th, 2007"
Sempron LE-1300,Sparta,1,2.3 GHz,Socket AM2,65 nm,N/A,45 W,"Oct 8th, 2007"
Athlon 64 3000+,Orleans,1,1800 MHz,Socket AM2,90 nm,N/A,62 W,"May 23rd, 2006"
Athlon 64 3200+,Orleans,1,2000 MHz,Socket AM2,90 nm,N/A,62 W,"May 23rd, 2006"
Athlon 64 3500+,Orleans,1,2.2 GHz,Socket AM2,90 nm,N/A,62 W,"May 23rd, 2006"
Athlon 64 3800+,Orleans,1,2.4 GHz,Socket AM2,90 nm,N/A,62 W,"May 23rd, 2006"
Athlon 64 FX-60,Toledo,2,2.6 GHz,Socket 939,90 nm,N/A,110 W,"Jan 9th, 2006"
Athlon 64 FX-62,Windsor,2,2.8 GHz,Socket AM2,90 nm,N/A,125 W,"May 23rd, 2006"
Athlon 64 FX-70,Windsor,2,2.6 GHz,Socket F,90 nm,N/A,125 W,"Nov 30th, 2006"
Athlon 64 FX-72,Windsor,2,2.8 GHz,Socket F,90 nm,N/A,125 W,"Nov 30th, 2006"
Athlon 64 FX-74,Windsor,2,3 GHz,Socket F,90 nm,N/A,125 W,"Nov 30th, 2006"
Athlon 64 FX-76,Windsor,2,3.2 GHz,Socket F,90 nm,N/A,125 W,"Nov 1st, 2006"
Athlon 64 X2 3600+,Brisbane,2,1900 MHz,Socket AM2,65 nm,N/A,65 W,"Dec 5th, 2006"
Athlon 64 X2 3600+ EE,Windsor,2,2000 MHz,Socket AM2,90 nm,N/A,65 W,"Aug 1st, 2006"
Athlon 64 X2 3800+,Windsor,2,2000 MHz,Socket AM2,90 nm,N/A,89 W,"May 23rd, 2006"
Athlon 64 X2 3800+ EE,Windsor,2,2000 MHz,Socket AM2,90 nm,N/A,65 W,"May 23rd, 2006"
Athlon 64 X2 3800+ EE SFF,Windsor,2,2000 MHz,Socket AM2,90 nm,N/A,35 W,"May 23rd, 2006"
Athlon 64 X2 4000+,Brisbane,2,2.1 GHz,Socket AM2,65 nm,N/A,65 W,"Dec 5th, 2006"
Athlon 64 X2 4000+,Windsor,2,2000 MHz,Socket AM2,90 nm,N/A,89 W,"May 23rd, 2006"
Athlon 64 X2 4000+ EE,Windsor,2,2000 MHz,Socket AM2,90 nm,N/A,65 W,"May 23rd, 2006"
Athlon 64 X2 4200+,Manchester,2,2.2 GHz,Socket 939,90 nm,N/A,89 W,"May 23rd, 2006"
Athlon 64 X2 4200+,Windsor,2,2.2 GHz,Socket AM2,90 nm,N/A,89 W,"May 23rd, 2006"
Athlon 64 X2 4200+,Toledo,2,2.2 GHz,Socket 939,90 nm,N/A,89 W,"May 23rd, 2006"
Athlon 64 X2 4200+,Brisbane,2,2.2 GHz,Socket AM2,65 nm,N/A,65 W,"Dec 1st, 2006"
Athlon 64 X2 4200+ EE,Windsor,2,2.2 GHz,Socket AM2,90 nm,N/A,65 W,"May 23rd, 2006"
Athlon 64 X2 4400+,Windsor,2,2.2 GHz,Socket AM2,90 nm,N/A,89 W,"May 23rd, 2006"
Athlon 64 X2 4400+,Toledo,2,2.2 GHz,Socket 939,90 nm,N/A,110 W,"May 23rd, 2006"
Athlon 64 X2 4400+,Brisbane,2,2.3 GHz,Socket AM2,65 nm,N/A,65 W,"Dec 5th, 2006"
Athlon 64 X2 4400+ EE,Windsor,2,2.2 GHz,Socket AM2,90 nm,N/A,65 W,"May 23rd, 2006"
Athlon 64 X2 4600+,Manchester,2,2.4 GHz,Socket 939,90 nm,N/A,110 W,"May 23rd, 2006"
Athlon 64 X2 4600+,Toledo,2,2.4 GHz,Socket 939,90 nm,N/A,89 W,"May 23rd, 2006"
Athlon 64 X2 4600+,Windsor,2,2.4 GHz,Socket AM2,90 nm,N/A,89 W,"May 23rd, 2006"
Athlon 64 X2 4600+ EE,Windsor,2,2.4 GHz,Socket AM2,90 nm,N/A,65 W,"May 23rd, 2006"
Athlon 64 X2 4800+,Windsor,2,2.4 GHz,Socket AM2,90 nm,N/A,89 W,"May 23rd, 2006"
Athlon 64 X2 4800+,Brisbane,2,2.5 GHz,Socket AM2,65 nm,N/A,65 W,"Dec 5th, 2006"
Athlon 64 X2 4800+,Toledo,2,2.4 GHz,Socket 939,90 nm,N/A,110 W,"May 23rd, 2006"
Athlon 64 X2 4800+ EE,Windsor,2,2.4 GHz,Socket AM2,90 nm,N/A,65 W,"May 23rd, 2006"
Athlon 64 X2 5000+,Brisbane,2,2.6 GHz,Socket AM2,65 nm,N/A,65 W,"Dec 5th, 2006"
Athlon 64 X2 5000+,Windsor,2,2.6 GHz,Socket AM2,90 nm,N/A,89 W,"May 23rd, 2006"
Athlon 64 X2 5000+ EE,Windsor,2,2.6 GHz,Socket AM2,90 nm,N/A,65 W,"Sep 6th, 2006"
Athlon 64 X2 5200+,Windsor,2,2.6 GHz,Socket AM2,90 nm,N/A,89 W,"Sep 6th, 2006"
Athlon 64 X2 5200+ EE,Windsor,2,2.6 GHz,Socket AM2,90 nm,N/A,65 W,"Sep 6th, 2006"
Athlon 64 X2 5400+,Windsor,2,2.8 GHz,Socket AM2,90 nm,N/A,89 W,"Dec 12th, 2006"
Athlon 64 X2 5600+,Windsor,2,2.8 GHz,Socket AM2,90 nm,N/A,89 W,"Dec 12th, 2006"
Opteron 856,Athens,1,3 GHz,Socket 940,90 nm,N/A,92 W,"Apr 1st, 2006"
Opteron X2 185,Denmark,2,2.6 GHz,Socket 939,90 nm,N/A,110 W,"Mar 6th, 2006"
Opteron X2 275 HE,Italy,2,2.2 GHz,Socket 940,90 nm,N/A,55 W,"Feb 1st, 2006"
Opteron X2 285,Italy,2,2.6 GHz,Socket 940,90 nm,N/A,95 W,"Mar 6th, 2006"
Opteron X2 290,Italy,2,2.8 GHz,Socket 940,90 nm,N/A,95 W,"Jan 1st, 2006"
Opteron X2 875 HE,Egypt,2,2.2 GHz,Socket 940,90 nm,N/A,55 W,"Feb 1st, 2006"
Opteron X2 885,Egypt,2,2.6 GHz,Socket 940,90 nm,N/A,95 W,"Mar 6th, 2006"
Opteron X2 890,Egypt,2,2.8 GHz,Socket 940,90 nm,N/A,95 W,"Mar 6th, 2006"
Sempron 2800+,Manila,1,1600 MHz,Socket AM2,90 nm,N/A,62 W,"May 23rd, 2006"
Sempron 3000+,Manila,1,1600 MHz,Socket AM2,90 nm,N/A,62 W,"May 23rd, 2006"
Sempron 3000+ EE SFF,Manila,1,1600 MHz,Socket AM2,90 nm,N/A,35 W,"May 23rd, 2006"
Sempron 3200+,Manila,1,1800 MHz,Socket AM2,90 nm,N/A,62 W,"May 23rd, 2006"
Sempron 3200+ EE SFF,Manila,1,1800 MHz,Socket AM2,90 nm,N/A,35 W,"May 23rd, 2006"
Sempron 3400+,Albany,1,2000 MHz,Socket 754,90 nm,N/A,62 W,"Jan 23rd, 2006"
Sempron 3400+,Manila,1,1800 MHz,Socket AM2,90 nm,N/A,62 W,"May 23rd, 2006"
Sempron 3400+,Roma,1,2000 MHz,Socket 754,90 nm,N/A,25 W,"May 17th, 2006"
Sempron 3400+ EE SFF,Manila,1,1800 MHz,Socket AM2,90 nm,N/A,35 W,"May 23rd, 2006"
Sempron 3500+,Manila,1,2000 MHz,Socket AM2,90 nm,N/A,62 W,"May 23rd, 2006"
Sempron 3500+ EE SFF,Manila,1,2000 MHz,Socket AM2,90 nm,N/A,35 W,"May 23rd, 2006"
Sempron 3600+,Manila,1,2000 MHz,Socket AM2,90 nm,N/A,62 W,"May 23rd, 2006"
Sempron 3600+,Albany,1,2.2 GHz,Socket 754,90 nm,N/A,62 W,"May 17th, 2006"
Sempron 3800+,Manila,1,2.2 GHz,Socket AM2,90 nm,N/A,62 W,"Oct 23rd, 2006"
Turion 64 ML-44,Lancaster,1,2.4 GHz,Socket 754,90 nm,N/A,35 W,"Jan 4th, 2006"
Turion X2 RM-70,Griffin,2,2000 MHz,Socket S1,65 nm,N/A,31 W,"Jun 1st, 2006"
Athlon 64 1500+,Venice,1,1000 MHz,Socket 754,90 nm,N/A,9 W,"Nov 7th, 2005"
Athlon 64 3000+,Newark,1,1800 MHz,Socket 754,130 nm,N/A,62 W,"Apr 14th, 2005"
Athlon 64 3000+,Venice,1,1800 MHz,Socket 939,90 nm,N/A,67 W,"Apr 4th, 2005"
Athlon 64 3200+,Manchester,1,2000 MHz,Socket 939,90 nm,N/A,67 W,"May 31st, 2005"
Athlon 64 3200+,Newark,1,2000 MHz,Socket 754,130 nm,N/A,83 W,"Apr 14th, 2005"
Athlon 64 3200+,Newark,1,2000 MHz,Socket 754,130 nm,N/A,62 W,"Apr 14th, 2005"
Athlon 64 3200+,Venice,1,2000 MHz,Socket 939,90 nm,N/A,67 W,"Apr 4th, 2005"
Athlon 64 3400+,Newark,1,2.2 GHz,Socket 754,130 nm,N/A,83 W,"Apr 14th, 2005"
Athlon 64 3500+,Venice,1,2.2 GHz,Socket 939,90 nm,N/A,67 W,"Apr 4th, 2005"
Athlon 64 3500+,Manchester,1,2.2 GHz,Socket 939,90 nm,N/A,67 W,"May 31st, 2005"
Athlon 64 3700+,Newark,1,2.4 GHz,Socket 754,130 nm,N/A,83 W,"Apr 14th, 2005"
Athlon 64 3800+,Venice,1,2.4 GHz,Socket 939,90 nm,N/A,89 W,"Apr 4th, 2005"
Athlon 64 4000+,Newark,1,2.6 GHz,Socket 754,130 nm,N/A,62 W,"Aug 16th, 2005"
Athlon 64 FX-57,San Diego,1,2.8 GHz,Socket 939,90 nm,N/A,104 W,"Jun 27th, 2005"
Athlon 64 X2 3800+,Toledo,2,2000 MHz,Socket 939,90 nm,N/A,89 W,"Aug 1st, 2005"
Athlon 64 X2 3800+,Manchester,2,2000 MHz,Socket 939,90 nm,N/A,89 W,"Aug 1st, 2005"
Mobile Athlon 64 2700+,Clawhammer,1,1600 MHz,Socket 754,130 nm,N/A,35 W,"Aug 1st, 2005"
Mobile Athlon 64 2700+,Odessa,1,1600 MHz,Socket 754,130 nm,N/A,35 W,"Aug 1st, 2005"
Mobile Athlon 64 3400+,Clawhammer,1,2.2 GHz,Socket 754,130 nm,N/A,62 W,"Aug 1st, 2005"
Mobile Athlon 64 3400+,Clawhammer,1,2.2 GHz,Socket 754,130 nm,N/A,82 W,"Aug 1st, 2005"
Mobile Athlon 64 3700+,Clawhammer,1,2.4 GHz,Socket 754,130 nm,N/A,82 W,"Aug 1st, 2005"
Opteron 144,Venus,1,1800 MHz,Socket 939,90 nm,N/A,67 W,"Aug 2nd, 2005"
Opteron 144,Venus,1,1800 MHz,Socket 939,90 nm,N/A,67 W,"Aug 2nd, 2005"
Opteron 146,Venus,1,2000 MHz,Socket 939,90 nm,N/A,67 W,"Aug 2nd, 2005"
Opteron 146,Venus,1,2000 MHz,Socket 939,90 nm,N/A,67 W,"Aug 2nd, 2005"
Opteron 146,Venus,1,2000 MHz,Socket 939,90 nm,N/A,67 W,"Aug 2nd, 2005"
Opteron 148,Venus,1,2.2 GHz,Socket 939,90 nm,N/A,85 W,"Aug 2nd, 2005"
Opteron 148,Venus,1,2.2 GHz,Socket 939,90 nm,N/A,85 W,"Aug 2nd, 2005"
Opteron 150,Venus,1,2.4 GHz,Socket 939,90 nm,N/A,85 W,"Aug 2nd, 2005"
Opteron 150,Venus,1,2.4 GHz,Socket 939,90 nm,N/A,85 W,"Aug 2nd, 2005"
Opteron 152,Venus,1,2.6 GHz,Socket 939,90 nm,N/A,104 W,"Aug 2nd, 2005"
Opteron 152,Venus,1,2.6 GHz,Socket 939,90 nm,N/A,104 W,"Aug 2nd, 2005"
Opteron 154,Venus,1,2.8 GHz,Socket 939,90 nm,N/A,104 W,"Aug 2nd, 2005"
Opteron 156,Venus,1,3 GHz,Socket 939,90 nm,N/A,104 W,"May 1st, 2005"
Opteron 246 HE,Troy,1,2000 MHz,Socket 940,90 nm,N/A,55 W,"Mar 1st, 2005"
Opteron 248 HE,Troy,1,2.2 GHz,Socket 940,90 nm,N/A,55 W,"Mar 1st, 2005"
Opteron 250 HE,Troy,1,2.4 GHz,Socket 940,90 nm,N/A,55 W,"Mar 1st, 2005"
Opteron 252,Troy,1,2.6 GHz,Socket 940,90 nm,N/A,92 W,"Feb 14th, 2005"
Opteron 254,Troy,1,2.8 GHz,Socket 940,90 nm,N/A,92 W,"Aug 1st, 2005"
Opteron 846 HE,Athens,1,2000 MHz,Socket 940,90 nm,N/A,55 W,"Mar 1st, 2005"
Opteron 848 HE,Athens,1,2.2 GHz,Socket 940,90 nm,N/A,55 W,"Mar 1st, 2005"
Opteron 850 HE,Athens,1,2.4 GHz,Socket 940,90 nm,N/A,55 W,"Mar 1st, 2005"
Opteron 852,Athens,1,2.6 GHz,Socket 940,90 nm,N/A,92 W,"Feb 14th, 2005"
Opteron 854,Athens,1,2.8 GHz,Socket 940,90 nm,N/A,92 W,"Aug 1st, 2005"
Opteron X2 165,Denmark,2,1800 MHz,Socket 939,90 nm,N/A,110 W,"Aug 2nd, 2005"
Opteron X2 170,Denmark,2,2000 MHz,Socket 939,90 nm,N/A,110 W,"Aug 2nd, 2005"
Opteron X2 175,Denmark,2,2.2 GHz,Socket 939,90 nm,N/A,110 W,"Aug 2nd, 2005"
Opteron X2 180,Denmark,2,2.4 GHz,Socket 939,90 nm,N/A,110 W,"Sep 26th, 2005"
Opteron X2 260 HE,Italy,2,1600 MHz,Socket 940,90 nm,N/A,55 W,"Aug 1st, 2005"
Opteron X2 265,Italy,2,1800 MHz,Socket 940,90 nm,N/A,95 W,"May 31st, 2005"
Opteron X2 265 HE,Italy,2,1800 MHz,Socket 940,90 nm,N/A,55 W,"Aug 1st, 2005"
Opteron X2 270,Italy,2,2000 MHz,Socket 940,90 nm,N/A,95 W,"May 31st, 2005"
Opteron X2 270 HE,Italy,2,2000 MHz,Socket 940,90 nm,N/A,55 W,"Dec 1st, 2005"
Opteron X2 275,Italy,2,2.2 GHz,Socket 940,90 nm,N/A,95 W,"May 31st, 2005"
Opteron X2 280,Italy,2,2.4 GHz,Socket 940,90 nm,N/A,95 W,"Sep 26th, 2005"
Opteron X2 860 HE,Egypt,2,1600 MHz,Socket 940,90 nm,N/A,55 W,"Aug 1st, 2005"
Opteron X2 865,Egypt,2,1800 MHz,Socket 940,90 nm,N/A,95 W,"Sep 26th, 2005"
Opteron X2 865 HE,Egypt,2,1800 MHz,Socket 940,90 nm,N/A,55 W,"Aug 1st, 2005"
Opteron X2 870,Egypt,2,2000 MHz,Socket 940,90 nm,N/A,95 W,"Sep 26th, 2005"
Opteron X2 870 HE,Egypt,2,2000 MHz,Socket 940,90 nm,N/A,55 W,"Dec 1st, 2005"
Opteron X2 875,Egypt,2,2.2 GHz,Socket 940,90 nm,N/A,95 W,"Sep 26th, 2005"
Opteron X2 880,Egypt,2,2.4 GHz,Socket 940,90 nm,N/A,95 W,"Sep 26th, 2005"
Sempron 2500+,Palermo,1,1400 MHz,Socket 754,90 nm,N/A,62 W,"Jul 7th, 2005"
Sempron 2800+,Roma,1,1600 MHz,Socket 754,90 nm,N/A,25 W,"Jul 15th, 2005"
Sempron 3000+,Paris,1,1800 MHz,Socket 754,130 nm,N/A,62 W,"Feb 15th, 2005"
Sempron 3000+,Palermo,1,1800 MHz,Socket 754,90 nm,N/A,62 W,"Apr 1st, 2005"
Sempron 3000+,Albany,1,1800 MHz,Socket 754,90 nm,N/A,62 W,"Jul 15th, 2005"
Sempron 3000+,Palermo,1,1800 MHz,Socket 939,90 nm,N/A,62 W,"Oct 1st, 2005"
Sempron 3000+,Roma,1,1800 MHz,Socket 754,90 nm,N/A,25 W,"Jul 15th, 2005"
Sempron 3100+,Georgetown,1,1800 MHz,Socket 754,90 nm,N/A,62 W,"May 3rd, 2005"
Sempron 3100+,Roma,1,1800 MHz,Socket 754,90 nm,N/A,25 W,"Jul 15th, 2005"
Sempron 3100+,Palermo,1,1800 MHz,Socket 754,90 nm,N/A,62 W,"Apr 1st, 2005"
Sempron 3100+,Sonora,1,1800 MHz,Socket 754,90 nm,N/A,25 W,"Jan 1st, 2005"
Sempron 3100+,Albany,1,1800 MHz,Socket 754,90 nm,N/A,62 W,"Jul 15th, 2005"
Sempron 3200+,Palermo,1,1800 MHz,Socket 939,90 nm,N/A,62 W,"Oct 1st, 2005"
Sempron 3300+,Albany,1,2000 MHz,Socket 754,90 nm,N/A,62 W,"Jul 15th, 2005"
Sempron 3300+,Roma,1,2000 MHz,Socket 754,90 nm,N/A,25 W,"Jul 15th, 2005"
Sempron 3300+,Palermo,1,2000 MHz,Socket 754,90 nm,N/A,62 W,"Apr 1st, 2005"
Sempron 3300+,Georgetown,1,2000 MHz,Socket 754,90 nm,N/A,62 W,"Aug 19th, 2005"
Sempron 3400+,Palermo,1,2000 MHz,Socket 939,90 nm,N/A,62 W,"Oct 1st, 2005"
Sempron 3400+,Palermo,1,2000 MHz,Socket 754,90 nm,N/A,62 W,"Aug 1st, 2005"
Sempron 3500+,Palermo,1,2000 MHz,Socket 939,90 nm,N/A,62 W,"Oct 1st, 2005"
Turion 64 ML-28,Lancaster,1,1600 MHz,Socket 754,90 nm,N/A,32 W,"Jun 22nd, 2005"
Turion 64 ML-30,Lancaster,1,1600 MHz,Socket 754,90 nm,N/A,35 W,"Mar 10th, 2005"
Turion 64 ML-32,Lancaster,1,1800 MHz,Socket 754,90 nm,N/A,35 W,"Mar 10th, 2005"
Turion 64 ML-34,Lancaster,1,1800 MHz,Socket 754,90 nm,N/A,35 W,"Mar 10th, 2005"
Turion 64 ML-37,Lancaster,1,2000 MHz,Socket 754,90 nm,N/A,35 W,"Mar 10th, 2005"
Turion 64 ML-40,Lancaster,1,2.2 GHz,Socket 754,90 nm,N/A,35 W,"Jun 22nd, 2005"
Turion 64 ML-42,Lancaster,1,2.4 GHz,Socket 754,90 nm,N/A,35 W,"Oct 4th, 2005"
Turion 64 MT-28,Lancaster,1,1600 MHz,Socket 754,90 nm,N/A,22 W,"Jun 22nd, 2005"
Turion 64 MT-30,Lancaster,1,1600 MHz,Socket 754,90 nm,N/A,22 W,"Mar 10th, 2005"
Turion 64 MT-32,Lancaster,1,1800 MHz,Socket 754,90 nm,N/A,25 W,"Mar 10th, 2005"
Turion 64 MT-34,Lancaster,1,1800 MHz,Socket 754,90 nm,N/A,25 W,"Mar 10th, 2005"
Turion 64 MT-37,Lancaster,1,2000 MHz,Socket 754,90 nm,N/A,25 W,"Aug 8th, 2005"
Turion 64 MT-40,Lancaster,1,2.2 GHz,Socket 754,90 nm,N/A,25 W,"Aug 8th, 2005"
Athlon 64 2700+,NewCastle,1,1600 MHz,Socket 754,130 nm,N/A,32 W,"Apr 27th, 2004"
Athlon 64 2800+,NewCastle,1,1800 MHz,Socket 754,130 nm,N/A,89 W,"Apr 27th, 2004"
Athlon 64 2800+,NewCastle,1,1800 MHz,Socket 754,130 nm,N/A,32 W,"Apr 27th, 2004"
Athlon 64 2800+,Clawhammer,1,1800 MHz,Socket 754,130 nm,N/A,89 W,"Apr 27th, 2004"
Athlon 64 3000+,Winchester,1,1800 MHz,Socket 939,90 nm,N/A,67 W,"Oct 14th, 2004"
Athlon 64 3000+,NewCastle,1,2000 MHz,Socket 754,130 nm,N/A,89 W,"Apr 27th, 2004"
Athlon 64 3000+,NewCastle,1,1800 MHz,Socket 939,130 nm,N/A,89 W,"Apr 27th, 2004"
Athlon 64 3000+,NewCastle,1,1800 MHz,Socket 754,130 nm,N/A,32 W,"Apr 27th, 2004"
Athlon 64 3200+,Winchester,1,2000 MHz,Socket 939,90 nm,N/A,67 W,"Oct 14th, 2004"
Athlon 64 3200+,NewCastle,1,2000 MHz,Socket 939,130 nm,N/A,89 W,"Apr 27th, 2004"
Athlon 64 3200+,NewCastle,1,2.2 GHz,Socket 754,130 nm,N/A,89 W,"Apr 27th, 2004"
Athlon 64 3300+,NewCastle,1,2.4 GHz,Socket 754,130 nm,N/A,89 W,"Apr 27th, 2004"
Athlon 64 3400+,NewCastle,1,2.2 GHz,Socket 939,130 nm,N/A,89 W,"Apr 27th, 2004"
Athlon 64 3400+,NewCastle,1,2.4 GHz,Socket 754,130 nm,N/A,89 W,"Apr 27th, 2004"
Athlon 64 3400+,Clawhammer,1,2.2 GHz,Socket 754,130 nm,N/A,89 W,"Jan 6th, 2004"
Athlon 64 3500+,Clawhammer,1,2.2 GHz,Socket 939,130 nm,N/A,89 W,"Jun 1st, 2004"
Athlon 64 3500+,Winchester,1,2.2 GHz,Socket 939,90 nm,N/A,67 W,"Oct 14th, 2004"
Athlon 64 3500+,NewCastle,1,2.2 GHz,Socket 939,130 nm,N/A,89 W,"Jun 1st, 2004"
Athlon 64 3600+,Clawhammer,1,2.4 GHz,Socket 754,130 nm,N/A,89 W,"Jun 1st, 2004"
Athlon 64 3700+,San Diego,1,2.2 GHz,Socket 939,90 nm,N/A,89 W,"May 4th, 2004"
Athlon 64 3700+,Clawhammer,1,2.4 GHz,Socket 754,130 nm,N/A,89 W,"Jun 1st, 2004"
Athlon 64 3800+,Clawhammer,1,2.4 GHz,Socket 939,130 nm,N/A,89 W,"Jun 1st, 2004"
Athlon 64 3800+,NewCastle,1,2.4 GHz,Socket 939,130 nm,N/A,89 W,"Jun 1st, 2004"
Athlon 64 4000+,Clawhammer,1,2.4 GHz,Socket 939,130 nm,N/A,89 W,"Oct 19th, 2004"
Athlon 64 4000+,San Diego,1,2.4 GHz,Socket 939,90 nm,N/A,89 W,"Oct 19th, 2004"
Athlon 64 FX-53,SledgeHammer,1,2.4 GHz,Socket 940,130 nm,N/A,89 W,"Mar 18th, 2004"
Athlon 64 FX-53,Clawhammer,1,2.4 GHz,Socket 939,130 nm,N/A,89 W,"Jun 1st, 2004"
Athlon 64 FX-55,San Diego,1,2.6 GHz,Socket 939,90 nm,N/A,104 W,"Oct 10th, 2004"
Athlon 64 FX-55,Clawhammer,1,2.6 GHz,Socket 939,130 nm,N/A,104 W,"Oct 10th, 2004"
Mobile Athlon 64 2700+,Clawhammer,1,1600 MHz,Socket 754,130 nm,N/A,82 W,"Aug 1st, 2004"
Mobile Athlon 64 2800+,Clawhammer,1,1800 MHz,Socket 754,130 nm,N/A,62 W,"Aug 1st, 2004"
Mobile Athlon 64 2800+,Odessa,1,1800 MHz,Socket 754,130 nm,N/A,82 W,"Aug 1st, 2004"
Mobile Athlon 64 2800+,Odessa,1,1800 MHz,Socket 754,130 nm,N/A,35 W,"Aug 1st, 2004"
Mobile Athlon 64 3000+,Odessa,1,2000 MHz,Socket 754,130 nm,N/A,35 W,"Aug 1st, 2004"
Mobile Athlon 64 3000+,Clawhammer,1,1800 MHz,Socket 754,130 nm,N/A,62 W,"Aug 1st, 2004"
Mobile Athlon 64 3200+,Clawhammer,1,2000 MHz,Socket 754,130 nm,N/A,62 W,"Aug 1st, 2004"
Opteron 140,SledgeHammer,1,1400 MHz,Socket 940,130 nm,N/A,82 W,"May 18th, 2004"
Opteron 140 EE,SledgeHammer,1,1400 MHz,Socket 940,130 nm,N/A,30 W,"Feb 14th, 2004"
Opteron 142,SledgeHammer,1,1600 MHz,Socket 940,130 nm,N/A,82 W,"May 18th, 2004"
Opteron 144,SledgeHammer,1,1800 MHz,Socket 940,130 nm,N/A,82 W,"May 18th, 2004"
Opteron 146 HE,SledgeHammer,1,2000 MHz,Socket 940,130 nm,N/A,55 W,"Feb 14th, 2004"
Opteron 148,SledgeHammer,1,2.2 GHz,Socket 940,130 nm,N/A,89 W,"May 18th, 2004"
Opteron 148 HE,Venus,1,2.2 GHz,Socket 940,90 nm,N/A,55 W,"Dec 1st, 2004"
Opteron 150,SledgeHammer,1,2.4 GHz,Socket 940,130 nm,N/A,89 W,"May 18th, 2004"
Opteron 240,SledgeHammer,1,1400 MHz,Socket 940,130 nm,N/A,82 W,"May 18th, 2004"
Opteron 240 EE,SledgeHammer,1,1400 MHz,Socket 940,130 nm,N/A,30 W,"Feb 14th, 2004"
Opteron 242,Troy,1,1600 MHz,Socket 940,90 nm,N/A,85 W,"Dec 1st, 2004"
Opteron 242,SledgeHammer,1,1600 MHz,Socket 940,130 nm,N/A,82 W,"May 18th, 2004"
Opteron 244,SledgeHammer,1,1800 MHz,Socket 940,130 nm,N/A,82 W,"May 18th, 2004"
Opteron 244,Troy,1,1800 MHz,Socket 940,90 nm,N/A,85 W,"Dec 1st, 2004"
Opteron 246,Troy,1,2000 MHz,Socket 940,90 nm,N/A,85 W,"Dec 1st, 2004"
Opteron 246,Troy,1,2000 MHz,Socket 940,90 nm,N/A,85 W,"Dec 1st, 2004"
Opteron 246 HE,SledgeHammer,1,2000 MHz,Socket 940,130 nm,N/A,55 W,"Feb 14th, 2004"
Opteron 248,Troy,1,2.2 GHz,Socket 940,90 nm,N/A,85 W,"Dec 1st, 2004"
Opteron 248,Troy,1,2.2 GHz,Socket 940,90 nm,N/A,85 W,"Dec 1st, 2004"
Opteron 248,SledgeHammer,1,2.2 GHz,Socket 940,130 nm,N/A,89 W,"May 18th, 2004"
Opteron 250,Troy,1,2.4 GHz,Socket 940,90 nm,N/A,85 W,"Dec 1st, 2004"
Opteron 250,SledgeHammer,1,2.4 GHz,Socket 940,130 nm,N/A,89 W,"May 18th, 2004"
Opteron 840,SledgeHammer,1,1400 MHz,Socket 940,130 nm,N/A,82 W,"May 18th, 2004"
Opteron 840 EE,SledgeHammer,1,1400 MHz,Socket 940,130 nm,N/A,30 W,"May 18th, 2004"
Opteron 842,SledgeHammer,1,1600 MHz,Socket 940,130 nm,N/A,82 W,"May 18th, 2004"
Opteron 842,Athens,1,1600 MHz,Socket 940,90 nm,N/A,85 W,"Dec 1st, 2004"
Opteron 844,SledgeHammer,1,1800 MHz,Socket 940,130 nm,N/A,82 W,"May 18th, 2004"
Opteron 844,Athens,1,1800 MHz,Socket 940,90 nm,N/A,85 W,"Dec 1st, 2004"
Opteron 846,Athens,1,2000 MHz,Socket 940,90 nm,N/A,85 W,"Dec 1st, 2004"
Opteron 846,Athens,1,2000 MHz,Socket 940,90 nm,N/A,85 W,"Dec 1st, 2004"
Opteron 846 HE,SledgeHammer,1,2000 MHz,Socket 940,130 nm,N/A,55 W,"May 18th, 2004"
Opteron 848,SledgeHammer,1,2.2 GHz,Socket 940,130 nm,N/A,89 W,"May 18th, 2004"
Opteron 848,Athens,1,2.2 GHz,Socket 940,90 nm,N/A,85 W,"Dec 1st, 2004"
Opteron 850,Athens,1,2.4 GHz,Socket 940,90 nm,N/A,85 W,"Dec 1st, 2004"
Opteron 850,SledgeHammer,1,2.4 GHz,Socket 940,130 nm,N/A,89 W,"May 18th, 2004"
Sempron 2200+,Thoroughbred,1,1500 MHz,Socket A,130 nm,N/A,62 W,"Jul 28th, 2004"
Sempron 2200+,Thorton,1,1500 MHz,Socket A,130 nm,N/A,62 W,"Aug 1st, 2004"
Sempron 2300+,Thoroughbred,1,1583 MHz,Socket A,130 nm,N/A,62 W,"Jul 28th, 2004"
Sempron 2400+,Thorton,1,1667 MHz,Socket A,130 nm,N/A,62 W,"Aug 1st, 2004"
Sempron 2400+,Thoroughbred,1,1667 MHz,Socket A,130 nm,N/A,62 W,"Jul 28th, 2004"
Sempron 2500+,Thoroughbred,1,1750 MHz,Socket A,130 nm,N/A,62 W,"Jul 28th, 2004"
Sempron 2600+,Sonora,1,1600 MHz,Socket 754,90 nm,N/A,25 W,"Jul 28th, 2004"
Sempron 2600+,Palermo,1,1600 MHz,Socket 754,90 nm,N/A,62 W,"Aug 1st, 2004"
Sempron 2600+,Georgetown,1,1600 MHz,Socket 754,90 nm,N/A,62 W,"Jul 28th, 2004"
Sempron 2600+,Thoroughbred,1,1833 MHz,Socket A,130 nm,N/A,62 W,"Jul 28th, 2004"
Sempron 2800+,Palermo,1,1600 MHz,Socket 754,90 nm,N/A,62 W,"Aug 1st, 2004"
Sempron 2800+,Thorton,1,1992 MHz,Socket A,130 nm,N/A,62 W,"Aug 1st, 2004"
Sempron 2800+,Georgetown,1,1600 MHz,Socket 754,90 nm,N/A,62 W,"Jul 28th, 2004"
Sempron 2800+,Thoroughbred,1,1992 MHz,Socket A,130 nm,N/A,62 W,"Jul 28th, 2004"
Sempron 2800+,Sonora,1,1600 MHz,Socket 754,90 nm,N/A,25 W,"Jul 28th, 2004"
Sempron 3000+,Sonora,1,1800 MHz,Socket 754,90 nm,N/A,25 W,"Nov 23rd, 2004"
Sempron 3000+,Barton,1,2000 MHz,Socket A,130 nm,N/A,62 W,"Sep 17th, 2004"
Sempron 3000+,Georgetown,1,1800 MHz,Socket 754,90 nm,N/A,62 W,"Jul 28th, 2004"
Sempron 3100+,Paris,1,1800 MHz,Socket 754,130 nm,N/A,62 W,"Jul 28th, 2004"
Athlon 64 3000+,Clawhammer,1,2000 MHz,Socket 754,130 nm,N/A,89 W,"Dec 15th, 2003"
Athlon 64 3200+,Clawhammer,1,2000 MHz,Socket 754,130 nm,N/A,89 W,"Sep 23rd, 2003"
Athlon 64 FX-51,SledgeHammer,1,2.2 GHz,Socket 940,130 nm,N/A,89 W,"Sep 23rd, 2003"
Athlon XP 2000+,Thorton,1,1667 MHz,Socket A,130 nm,N/A,60 W,"Sep 1st, 2003"
Athlon XP 2000+,Thorton,1,1667 MHz,Socket A,130 nm,N/A,60 W,"Sep 1st, 2003"
Athlon XP 2200+,Thorton,1,1800 MHz,Socket A,130 nm,N/A,63 W,"Sep 1st, 2003"
Athlon XP 2200+,Thorton,1,1800 MHz,Socket A,130 nm,N/A,63 W,"Sep 1st, 2003"
Athlon XP 2400+,Thorton,1,2000 MHz,Socket A,130 nm,N/A,68 W,"Sep 1st, 2003"
Athlon XP 2400+,Thorton,1,2000 MHz,Socket A,130 nm,N/A,68 W,"Sep 1st, 2003"
Athlon XP 2500+,Barton,1,1833 MHz,Socket A,130 nm,N/A,68 W,"Feb 10th, 2003"
Athlon XP 2500+ DTR,Barton,1,1833 MHz,Socket A,130 nm,N/A,68 W,"Feb 10th, 2003"
Athlon XP 2600+,Thorton,1,2.083 GHz,Socket A,130 nm,N/A,68 W,"Sep 1st, 2003"
Athlon XP 2600+,Thorton,1,2.133 GHz,Socket A,130 nm,N/A,68 W,"Sep 1st, 2003"
Athlon XP 3100+,Thorton,1,2.2 GHz,Socket A,130 nm,N/A,68 W,"Dec 1st, 2003"
Mobile Athlon 64 2800+,Clawhammer,1,1800 MHz,Socket 754,130 nm,N/A,82 W,"Aug 1st, 2003"
Mobile Athlon 64 3000+,Clawhammer,1,1800 MHz,Socket 754,130 nm,N/A,82 W,"Aug 1st, 2003"
Mobile Athlon 64 3200+,Clawhammer,1,2000 MHz,Socket 754,130 nm,N/A,82 W,"Aug 1st, 2003"
Opteron 140,SledgeHammer,1,1400 MHz,Socket 940,130 nm,N/A,85 W,"Jun 30th, 2003"
Opteron 140,SledgeHammer,1,1400 MHz,Socket 940,130 nm,N/A,82 W,"Sep 9th, 2003"
Opteron 142,SledgeHammer,1,1600 MHz,Socket 940,130 nm,N/A,82 W,"Sep 9th, 2003"
Opteron 142,SledgeHammer,1,1600 MHz,Socket 940,130 nm,N/A,85 W,"Jun 30th, 2003"
Opteron 144,SledgeHammer,1,1800 MHz,Socket 940,130 nm,N/A,82 W,"Sep 9th, 2003"
Opteron 144,SledgeHammer,1,1800 MHz,Socket 940,130 nm,N/A,85 W,"Jun 30th, 2003"
Opteron 146,SledgeHammer,1,2000 MHz,Socket 940,130 nm,N/A,89 W,"Sep 9th, 2003"
Opteron 148,SledgeHammer,1,2.2 GHz,Socket 940,130 nm,N/A,89 W,"Nov 17th, 2003"
Opteron 240,SledgeHammer,1,1400 MHz,Socket 940,130 nm,N/A,82 W,"Aug 5th, 2003"
Opteron 240,SledgeHammer,1,1400 MHz,Socket 940,130 nm,N/A,85 W,"Apr 22nd, 2003"
Opteron 242,SledgeHammer,1,1600 MHz,Socket 940,130 nm,N/A,85 W,"Apr 22nd, 2003"
Opteron 242,SledgeHammer,1,1600 MHz,Socket 940,130 nm,N/A,82 W,"Aug 5th, 2003"
Opteron 244,SledgeHammer,1,1800 MHz,Socket 940,130 nm,N/A,82 W,"Aug 5th, 2003"
Opteron 244,SledgeHammer,1,1800 MHz,Socket 940,130 nm,N/A,85 W,"Apr 22nd, 2003"
Opteron 246,SledgeHammer,1,2000 MHz,Socket 940,130 nm,N/A,89 W,"Aug 5th, 2003"
Opteron 248,SledgeHammer,1,2.2 GHz,Socket 940,130 nm,N/A,89 W,"Nov 17th, 2003"
Opteron 840,SledgeHammer,1,1400 MHz,Socket 940,130 nm,N/A,82 W,"Sep 9th, 2003"
Opteron 840,SledgeHammer,1,1400 MHz,Socket 940,130 nm,N/A,85 W,"Jun 30th, 2003"
Opteron 842,SledgeHammer,1,1600 MHz,Socket 940,130 nm,N/A,82 W,"Sep 9th, 2003"
Opteron 842,SledgeHammer,1,1600 MHz,Socket 940,130 nm,N/A,85 W,"Jun 30th, 2003"
Opteron 844,SledgeHammer,1,1800 MHz,Socket 940,130 nm,N/A,82 W,"Sep 9th, 2003"
Opteron 844,SledgeHammer,1,1800 MHz,Socket 940,130 nm,N/A,85 W,"Jun 30th, 2003"
Opteron 846,SledgeHammer,1,2000 MHz,Socket 940,130 nm,N/A,89 W,"Sep 9th, 2003"
Opteron 848,SledgeHammer,1,2.2 GHz,Socket 940,130 nm,N/A,89 W,"Nov 17th, 2003"
Athlon XP 1800+,Thoroughbred,1,1533 MHz,Socket A,130 nm,N/A,51 W,"Jun 10th, 2002"
Athlon XP 2000+,Thoroughbred,1,1667 MHz,Socket A,130 nm,N/A,60 W,"Jun 10th, 2002"
Athlon XP 2000+,Thoroughbred,1,1667 MHz,Socket A,130 nm,N/A,60 W,"Jun 10th, 2002"
Athlon XP 2000+,Palomino,1,1667 MHz,Socket A,180 nm,N/A,70 W,"Jan 7th, 2002"
Athlon XP 2100+,Palomino,1,1733 MHz,Socket A,180 nm,N/A,72 W,"Mar 13th, 2002"
Athlon XP 2200+,Thoroughbred,1,1800 MHz,Socket A,130 nm,N/A,68 W,"Jun 10th, 2002"
Athlon XP 2400+,Thoroughbred,1,2000 MHz,Socket A,130 nm,N/A,65 W,"Aug 21st, 2002"
Athlon XP 2400+,Thoroughbred,1,2000 MHz,Socket A,130 nm,N/A,68 W,"Aug 21st, 2002"
Athlon XP 2600+,Thoroughbred,1,2.133 GHz,Socket A,130 nm,N/A,68 W,"Oct 1st, 2002"
Athlon XP 2600+,Thoroughbred,1,2.083 GHz,Socket A,130 nm,N/A,68 W,"Aug 21st, 2002"
Athlon XP 2700+,Thoroughbred,1,2.167 GHz,Socket A,130 nm,N/A,68 W,"Oct 1st, 2002"
Athlon XP 2800+,Thoroughbred,1,2.25 GHz,Socket A,130 nm,N/A,74 W,"Oct 1st, 2002"
Athlon XP-M 2200+,Thoroughbred,1,1800 MHz,Socket A,130 nm,N/A,45 W,"Nov 11th, 2002"
Athlon 1300,Thunderbird B,1,1300 MHz,Socket A,180 nm,N/A,68 W,"Mar 21st, 2001"
Athlon 1333,Thunderbird C,1,1333 MHz,Socket A,180 nm,N/A,70 W,"Mar 21st, 2001"
Athlon 1400,Thunderbird B,1,1400 MHz,Socket A,180 nm,N/A,72 W,"Jun 6th, 2001"
Athlon 1400,Thunderbird C,1,1400 MHz,Socket A,180 nm,N/A,72 W,"Jun 6th, 2001"
Athlon 64 3000+,Venice,1,2000 MHz,Socket 754,90 nm,N/A,51 W,"Jan 1st, 2001"
Athlon 64 3000+,Venice,1,2000 MHz,Socket 754,90 nm,N/A,51 W,"Jan 1st, 2001"
Athlon 64 3200+,Clawhammer,1,2.2 GHz,Socket 754,130 nm,N/A,89 W,"Jan 1st, 2001"
Athlon 64 3200+,Venice,1,2.2 GHz,Socket 754,90 nm,N/A,59 W,"Jan 1st, 2001"
Athlon 64 3400+,Clawhammer,1,2.4 GHz,Socket 754,130 nm,N/A,89 W,"Jan 1st, 2001"
Athlon 64 3400+,Venice,1,2.4 GHz,Socket 754,90 nm,N/A,67 W,"Jan 1st, 2001"
Athlon 64 3400+,Venice,1,2.2 GHz,Socket 939,90 nm,N/A,67 W,"Jan 1st, 2001"
Athlon 64 3500+,San Diego,1,2.2 GHz,Socket 939,90 nm,N/A,67 W,"Jan 1st, 2001"
Athlon 64 3700+,Toledo,1,2.2 GHz,Socket 939,90 nm,N/A,89 W,"Jan 1st, 2001"
Athlon 64 4000+,Toledo,1,2.4 GHz,Socket 939,90 nm,N/A,89 W,"Jan 1st, 2001"
Athlon 64 X2 3600+,Manchester,2,2000 MHz,Socket 939,90 nm,N/A,89 W,"Jan 1st, 2001"
Athlon XP 1500+,Palomino,1,1333 MHz,Socket A,180 nm,N/A,60 W,"Oct 9th, 2001"
Athlon XP 1600+,Palomino,1,1400 MHz,Socket A,180 nm,N/A,63 W,"Oct 9th, 2001"
Athlon XP 1600+,Thoroughbred,1,1400 MHz,Socket A,130 nm,N/A,49 W,"Jan 1st, 2001"
Athlon XP 1700+,Thoroughbred,1,1467 MHz,Socket A,130 nm,N/A,50 W,"Jan 1st, 2001"
Athlon XP 1700+,Thoroughbred,1,1467 MHz,Socket A,130 nm,N/A,50 W,"Jan 1st, 2001"
Athlon XP 1700+,Palomino,1,1467 MHz,Socket A,180 nm,N/A,64 W,"Oct 9th, 2001"
Athlon XP 1800+,Palomino,1,1533 MHz,Socket A,180 nm,N/A,66 W,"Oct 9th, 2001"
Athlon XP 1800+,Thoroughbred,1,1533 MHz,Socket A,130 nm,N/A,51 W,"Jan 1st, 2001"
Athlon XP 1900+,Thoroughbred,1,1600 MHz,Socket A,130 nm,N/A,53 W,"Jan 1st, 2001"
Athlon XP 1900+,Palomino,1,1600 MHz,Socket A,180 nm,N/A,68 W,"Nov 5th, 2001"
Athlon XP 2100+,Thoroughbred,1,1733 MHz,Socket A,130 nm,N/A,62 W,"Jan 1st, 2001"
Athlon XP 2200+,Thoroughbred,1,1800 MHz,Socket A,130 nm,N/A,63 W,"Jan 1st, 2001"
Athlon XP 2600+,Barton,1,1917 MHz,Socket A,130 nm,N/A,68 W,"Jan 1st, 2001"
Athlon XP 2600+ DTR,Barton,1,1917 MHz,Socket A,130 nm,N/A,68 W,"Jan 1st, 2001"
Athlon XP 2800+,Barton,1,2.083 GHz,Socket A,130 nm,N/A,68 W,"Jan 1st, 2001"
Athlon XP 2800+ DTR,Barton,1,2.083 GHz,Socket A,130 nm,N/A,68 W,"Jan 1st, 2001"
Athlon XP 3000+,Barton,1,2.1 GHz,Socket A,130 nm,N/A,68 W,"Jan 1st, 2001"
Athlon XP 3000+,Barton,1,2.167 GHz,Socket A,130 nm,N/A,68 W,"Jan 1st, 2001"
Athlon XP 3200+,Barton,1,2.2 GHz,Socket A,130 nm,N/A,77 W,"Jan 1st, 2001"
Athlon XP-M 2000+,Barton,1,1533 MHz,Socket A,130 nm,N/A,45 W,"Jan 1st, 2001"
Athlon XP-M 2200+,Barton,1,1667 MHz,Socket A,130 nm,N/A,45 W,"Jan 1st, 2001"
Athlon XP-M 2400+,Barton,1,1800 MHz,Socket A,130 nm,N/A,45 W,"Jan 1st, 2001"
Athlon XP-M 2500+,Barton,1,1862 MHz,Socket A,130 nm,N/A,45 W,"Jan 1st, 2001"
Athlon XP-M 2600+,Barton,1,2000 MHz,Socket A,130 nm,N/A,45 W,"Jan 1st, 2001"
Athlon XP-M 3000+,Barton,1,2.2 GHz,Socket A,130 nm,N/A,45 W,"Jan 1st, 2001"
Sempron 2200+,Barton,1,1500 MHz,Socket A,130 nm,N/A,62 W,"Jan 1st, 2001"
Sempron 2300+,Barton,1,1583 MHz,Socket A,130 nm,N/A,62 W,"Jan 1st, 2001"
Sempron 2400+,Barton,1,1667 MHz,Socket A,130 nm,N/A,62 W,"Jan 1st, 2001"
Sempron 2500+,Barton,1,1750 MHz,Socket A,130 nm,N/A,62 W,"Jan 1st, 2001"
Sempron 2600+,Paris,1,1600 MHz,Socket 754,130 nm,N/A,25 W,"Jan 1st, 2001"
Sempron 2600+,Barton,1,1833 MHz,Socket A,130 nm,N/A,62 W,"Jan 1st, 2001"
Sempron 2800+,Barton,1,2000 MHz,Socket A,130 nm,N/A,62 W,"Jan 1st, 2001"
Sempron 2800+,Paris,1,1600 MHz,Socket 754,130 nm,N/A,25 W,"Jan 1st, 2001"
Sempron 3000+,Paris,1,1800 MHz,Socket 754,130 nm,N/A,25 W,"Jan 1st, 2001"
Sempron 3100+,Paris,1,1800 MHz,Socket 754,130 nm,N/A,25 W,"Jan 1st, 2001"
Sempron 3300+,Barton,1,2.2 GHz,Socket A,130 nm,N/A,62 W,"Jan 1st, 2001"
